Param 2 Return Timeframe,HUD CoC Number,2015,2016,2017,2018,2019,2020,2021
,AL-502,,,,,,,
,AR-505,,,,,,,
,AR-512,,,,,,,
,CA-519,,,,,,,
,CA-523,,,,,,,
,CA-527,,,,,,,
,CA-529,,,,,,,
,CA-530,,,,,,,
,CA-615,,,,,,,
,CT-502,,,,,,,
,FL-517,,,,,,,
,FL-519,,,,,,,
,GA-502,,,,,,,
,IL-516,,,,,,,
,IL-518,,,,,,,
,MA-502,,,,,,,
,MA-503,,,,,,,
,MA-508,,,,,,,
,MA-510,,,,,,,
,MD-502,,,,,,,
,MD-507,,,,,,,
,MD-512,,,,,,,
,MI-503,,,,,,,
,MP-500,,,,,,,
,NJ-512,,,,,,,
,NY-502,,,,,,,
,NY-511,,,,,,,
,NY-513,,,,,,,
,NY-519,,,,,,,
,NY-525,,,,,,,
,OK-506,,,,,,,
,TX-611,,,,,,,
,TX-624,,,,,,,
,VI-500,,,,,,,
0%,AL-506,,,,,,0.00%,
0%,AL-507,,,,0.00%,0.00%,,0.00%
0%,AR-512,,0.00%,,,,,
0%,CA-516,0.00%,0.00%,0.00%,,,,
0%,CA-523,0.00%,0.00%,,0.00%,,,
0%,CA-524,,0.00%,,,,,
0%,CA-525,0.00%,0.00%,,,,,
0%,CA-527,,0.00%,0.00%,,,,
0%,CA-530,0.00%,,,,,,
0%,FL-517,,,,0.00%,0.00%,0.00%,0.00%
0%,FL-520,0.00%,,,,,,
0%,FL-606,,,,,,0.00%,
0%,KS-503,,0.00%,,,,,
0%,MD-509,,,,,0.00%,0.00%,
0%,MP-500,,,,0.00%,0.00%,0.00%,0.00%
0%,NC-511,,,,,,,0.00%
0%,NJ-512,0.00%,0.00%,,,,,0.00%
0%,NY-519,0.00%,0.00%,0.00%,0.00%,0.00%,,0.00%
0%,NY-520,0.00%,,,,,,
0%,NY-606,,0.00%,,,,,
0%,NY-607,,,,0.00%,0.00%,,
0%,OK-503,,0.00%,,,,,
0%,OK-504,0.00%,,,,,,
0%,OR-507,0.00%,,,,,,
0%,TN-510,,,,0.00%,,,
0%,VA-504,0.00%,,,,,,
1%,GA-502,,,,0.60%,,,
1%,FL-514,,,,1.00%,,,
1%,OK-503,,,,,,1.20%,
1%,IL-516,,1.20%,,,,,
1%,TN-510,,,,,,1.30%,
1%,CA-516,,,,1.30%,,,
1%,VI-500,,,,,1.30%,,
1%,AL-507,,,,,,1.30%,
1%,MT-500,,,1.50%,,,,
1%,FL-514,,,,,,1.50%,
1%,MN-504,1.50%,,,,,,
1%,NY-513,,1.50%,,,,,
2%,NJ-510,,1.50%,,,,,
2%,NY-504,1.60%,,,,,,
2%,MD-500,,,,,1.70%,,
2%,IL-503,,,,,,,1.70%
2%,OR-507,,,,,,1.70%,
2%,IA-500,,1.70%,,,,,
2%,CA-612,,,1.80%,,,,
2%,GA-503,1.80%,,,,,,
2%,CA-516,,,,,1.80%,,
2%,MS-503,1.90%,,,,,,
2%,GA-502,,,,,1.90%,,
2%,IL-504,,,,,,,2.40%
2%,MA-519,,,,2.40%,,,
3%,CA-519,,2.60%,,,,,
3%,NY-516,,,,,2.60%,,
3%,NY-516,,,,2.70%,,,
3%,OR-507,,2.70%,,,,,
3%,TN-503,2.70%,,,,,,
3%,MD-508,,2.70%,,,,,
3%,OK-503,,,,,,,2.80%
3%,NC-511,,,,,,2.80%,
3%,TX-701,,2.80%,,,,,
3%,LA-505,,,,2.90%,,,
3%,AL-507,2.90%,,,,,,
3%,MD-500,,,,2.90%,,,
3%,MT-500,,,,,2.90%,,
3%,MA-517,,,2.90%,,,,
3%,TN-507,,,3.00%,,,,
3%,MA-519,,,,,3.00%,,
3%,MD-507,,,,,3.00%,,
3%,OK-503,3.00%,,,,,,
3%,AL-507,,3.00%,,,,,
3%,MS-503,,,3.10%,,,,
3%,NY-507,3.20%,,,,,,
3%,MA-516,,3.20%,,,,,
3%,LA-503,,,,,,,3.20%
3%,MT-500,,3.20%,,,,,
3%,CA-607,,,,,,3.20%,
3%,MT-500,3.20%,,,,,,
3%,OK-507,,,,,3.30%,,
3%,IL-520,3.30%,,,,,,
3%,AR-501,,,,,,3.30%,
3%,MD-502,,,,,3.30%,,
3%,OR-507,,,3.30%,,,,
3%,AL-506,,,,,3.30%,,
3%,CA-612,,,,,,3.40%,
3%,LA-505,,,,,,3.40%,
4%,NJ-507,,,,3.50%,,,
4%,VA-502,3.60%,,,,,,
4%,CA-530,,,,,,,3.60%
4%,MT-500,,,,3.60%,,,
4%,MA-516,,,,,3.60%,,
4%,CA-607,,,,,,,3.60%
4%,CA-524,,,3.70%,,,,
4%,MD-507,,,,3.70%,,,
4%,IA-500,,,,3.70%,,,
4%,KS-505,,,,3.70%,,,
4%,LA-506,,,3.70%,,,,
4%,MO-602,,3.70%,,,,,
4%,GA-502,,,,,,,3.70%
4%,NJ-513,,3.70%,,,,,
4%,NC-511,,,,,3.80%,,
4%,MD-504,3.80%,,,,,,
4%,OR-507,,,,3.80%,,,
4%,TN-507,,,,,,,4.00%
4%,NJ-510,,,,,,,4.00%
4%,NJ-510,4.10%,,,,,,
4%,TN-510,,,,,,,4.10%
4%,MA-502,,,4.10%,,,,
4%,AR-512,4.20%,,,,,,
4%,MD-512,,,,,4.20%,,
4%,NY-504,,4.20%,,,,,
4%,MN-504,,,,,,,4.20%
4%,MA-517,,4.30%,,,,,
4%,MA-515,,,,,,4.40%,
4%,TN-512,,,,,,,4.40%
4%,OK-503,,,,4.40%,,,
4%,TN-506,,,,,4.40%,,
4%,MA-510,,,,,4.50%,,
5%,CA-612,,,,,,,4.50%
5%,IL-509,,4.50%,,,,,
5%,IL-516,,,4.60%,,,,
5%,TN-507,,,,4.60%,,,
5%,VA-507,4.60%,,,,,,
5%,OK-502,4.70%,,,,,,
5%,IA-500,,,4.70%,,,,
5%,NJ-511,,,4.80%,,,,
5%,NJ-507,,,,,,4.80%,
5%,MS-501,,,,,4.80%,,
5%,KS-503,,,4.90%,,,,
5%,NC-513,,,4.90%,,,,
5%,NJ-508,,,,,,5.00%,
5%,IL-504,,,,5.00%,,,
5%,CA-607,,,,,5.00%,,
5%,MS-503,,5.00%,,,,,
5%,MD-512,,,5.00%,,,,
5%,PA-600,,,,5.10%,,,
5%,FL-519,,,,5.10%,,,
5%,WA-501,5.10%,,,,,,
5%,NJ-502,,5.10%,,,,,
5%,LA-507,,,5.20%,,,,
5%,KS-505,,,,,5.20%,,
5%,MA-519,,,5.20%,,,,
5%,FL-514,,,,,5.20%,,
5%,CA-611,,,,5.20%,,,
5%,MA-517,5.20%,,,,,,
5%,NJ-508,,5.20%,,,,,
5%,CA-530,,5.30%,,,,,
5%,LA-506,,,,,,,5.30%
5%,NY-606,,,,,,,5.30%
5%,OK-504,,5.30%,,,,,
5%,NJ-511,,5.40%,,,,,
5%,MA-516,5.40%,,,,,,
5%,MA-502,,5.40%,,,,,
5%,NJ-508,,,,,5.40%,,
5%,OR-502,5.40%,,,,,,
6%,MN-502,5.50%,,,,,,
6%,NJ-508,,,,,,,5.50%
6%,MA-519,,5.60%,,,,,
6%,NY-606,5.60%,,,,,,
6%,CA-607,,,5.60%,,,,
6%,TN-512,,,,,,5.60%,
6%,LA-505,,,,,,,5.60%
6%,MO-602,5.60%,,,,,,
6%,GA-502,,,5.70%,,,,
6%,NJ-511,,,,5.70%,,,
6%,CA-611,,,,,,5.70%,
6%,MN-508,,5.70%,,,,,
6%,PA-501,,,,,5.80%,,
6%,CA-611,,,,,5.80%,,
6%,TN-506,,,,5.80%,,,
6%,CA-612,5.80%,,,,,,
6%,MA-516,,,,,,,5.90%
6%,IL-504,,,,,,5.90%,
6%,GA-508,,,,5.90%,,,
6%,TN-506,,,,,,5.90%,
6%,MI-502,,,,5.90%,,,
6%,CA-607,,,,6.00%,,,
6%,NJ-507,,,,,,,6.00%
6%,TN-507,,6.00%,,,,,
6%,TN-506,6.00%,,,,,,
6%,NJ-511,,,,,,,6.00%
6%,NC-511,,,,6.00%,,,
6%,CA-606,,,,,,6.00%,
6%,MD-500,,,6.10%,,,,
6%,CA-612,,,,,6.10%,,
6%,MT-500,,,,,,6.10%,
6%,OR-507,,,,,6.10%,,
6%,OR-505,,6.10%,,,,,
6%,PA-600,,,,,6.10%,,
6%,MS-501,,,,,,6.20%,
6%,MA-515,,,,,,,6.20%
6%,GA-503,,,,,6.20%,,
6%,NJ-507,,,6.20%,,,,
6%,MA-516,,,,6.20%,,,
6%,NJ-507,,,,,6.20%,,
6%,NJ-511,6.20%,,,,,,
6%,MA-504,,,,,,,6.20%
6%,MD-512,,6.30%,,,,,
6%,NV-502,6.30%,,,,,,
6%,TN-506,,,6.30%,,,,
6%,TN-512,,,6.30%,,,,
6%,IL-515,,,,,,6.30%,
6%,OK-507,,,,,,,6.30%
6%,MN-508,6.30%,,,,,,
6%,MO-603,,,,,,6.30%,
6%,OK-503,,,6.40%,,,,
6%,NJ-511,,,,,6.40%,,
6%,PA-600,,,6.40%,,,,
6%,MS-503,,,,,,,6.40%
6%,CA-612,,,,6.50%,,,
7%,MO-503,,,,,6.50%,,
7%,MA-504,,,6.60%,,,,
7%,MA-516,,,6.60%,,,,
7%,CO-505,,,,,,,6.70%
7%,TN-507,,,,,6.70%,,
7%,MA-515,,,,6.70%,,,
7%,KS-507,,,,,,6.70%,
7%,GA-502,,6.70%,,,,,
7%,TN-507,6.70%,,,,,,
7%,TN-503,,6.80%,,,,,
7%,TX-701,,,,,,,6.80%
7%,IL-508,,6.80%,,,,,
7%,IL-503,,,,,6.80%,,
7%,MI-511,,,,,6.80%,,
7%,TN-510,,,,,6.80%,,
7%,IL-518,,,6.80%,,,,
7%,ID-500,,,,6.90%,,,
7%,MN-504,,6.90%,,,,,
7%,MD-504,,,,6.90%,,,
7%,MA-519,6.90%,,,,,,
7%,NJ-513,6.90%,,,,,,
7%,TN-512,,6.90%,,,,,
7%,MD-509,6.90%,,,,,,
7%,LA-503,,,,,,7.00%,
7%,NJ-511,,,,,,7.00%,
7%,CA-526,,,,7.00%,,,
7%,MO-603,,,,,7.10%,,
7%,IL-504,,7.10%,,,,,
7%,MO-503,7.10%,,,,,,
7%,IL-508,,,,7.10%,,,
7%,TN-503,,,7.10%,,,,
7%,FL-517,7.10%,,,,,,
7%,LA-507,,,,7.10%,,,
7%,PA-501,,7.10%,,,,,
7%,VA-501,7.20%,,,,,,
7%,GU-500,,,,,,7.20%,
7%,GA-508,,,,,7.20%,,
7%,MO-500,,7.20%,,,,,
7%,NJ-514,,,7.20%,,,,
7%,MA-508,,,,7.30%,,,
7%,CA-606,,,,,,,7.30%
7%,VA-501,,7.30%,,,,,
7%,GA-508,,,,,,7.30%,
7%,CA-611,,,7.30%,,,,
7%,VA-513,7.30%,,,,,,
7%,MO-500,,,,,,,7.30%
7%,NJ-516,7.30%,,,,,,
7%,IL-508,,,,,,,7.40%
7%,MA-516,,,,,,7.40%,
7%,OR-506,,,,7.40%,,,
7%,PA-509,7.40%,,,,,,
7%,KS-505,7.50%,,,,,,
7%,PA-500,,,7.50%,,,,
7%,MA-515,,,,,7.50%,,
7%,MS-500,,,,7.50%,,,
8%,PA-509,,,7.50%,,,,
8%,MN-511,,,,,,7.50%,
8%,MI-511,,,,,,,7.60%
8%,GA-508,,,,,,,7.60%
8%,MN-503,,,7.70%,,,,
8%,FL-606,,,,,,,7.70%
8%,IL-500,7.70%,,,,,,
8%,MN-511,,,,7.70%,,,
8%,TX-601,7.70%,,,,,,
8%,IL-518,,,,,7.70%,,
8%,AK-501,,7.70%,,,,,
8%,MD-510,,7.70%,,,,,
8%,MA-504,,7.80%,,,,,
8%,MN-502,,7.80%,,,,,
8%,OK-504,,,,7.80%,,,
8%,MA-519,,,,,,7.80%,
8%,GA-505,,,,,,,7.80%
8%,MN-511,7.80%,,,,,,
8%,VI-500,,7.80%,,,,,
8%,OR-504,,,,,7.90%,,
8%,NJ-509,,7.90%,,,,,
8%,FL-504,,,,,,,7.90%
8%,FL-514,,,7.90%,,,,
8%,OR-506,,,,,7.90%,,
8%,ID-500,,,7.90%,,,,
8%,MA-504,8.00%,,,,,,
8%,MI-502,,,8.00%,,,,
8%,NV-502,,,8.00%,,,,
8%,MN-502,,,,8.00%,,,
8%,MD-502,,,,,,8.00%,
8%,NJ-504,8.00%,,,,,,
8%,PA-502,,,,8.00%,,,
8%,MN-509,8.00%,,,,,,
8%,CA-606,8.00%,,,,,,
8%,MA-505,,,,,,,8.10%
8%,NY-607,8.10%,,,,,,
8%,MA-502,8.10%,,,,,,
8%,OR-504,,,,,,,8.10%
8%,KS-503,,,,8.10%,,,
8%,OR-505,,,,,,8.20%,
8%,MA-505,,,,,,8.20%,
8%,MN-508,,,,8.20%,,,
8%,CA-614,,,,,,,8.20%
8%,CA-607,8.20%,,,,,,
8%,PA-600,,,,,,8.20%,
8%,IL-504,8.20%,,8.20%,,,,
8%,MI-523,,8.20%,,,,,
8%,MD-507,,,8.20%,,,,
8%,NY-518,8.30%,,,,,,
8%,PA-601,,,,,,,8.30%
8%,VA-507,,8.30%,,,,,
8%,NJ-504,,8.30%,,,,,
8%,MA-509,,,8.30%,,,,
8%,NV-502,,,,8.30%,,,8.30%
8%,OK-504,,,,,,8.30%,
8%,PA-509,,8.30%,,,,,
8%,PA-511,,,,8.40%,,,
8%,FL-509,8.40%,,,,,,
8%,CA-516,,,,,,,8.40%
8%,MN-508,,,8.40%,,,,
8%,NJ-508,,,,8.40%,,,
8%,IA-500,,,,,8.40%,,
8%,WA-504,,,8.40%,,,,
8%,MI-502,,,,,8.50%,,
8%,MD-504,,,,,8.50%,,
8%,GA-506,,,,,,,8.50%
9%,CA-526,8.50%,,,,,,
9%,MI-502,,8.50%,,,,,
9%,MA-515,,,8.50%,,,,
9%,MD-600,,,8.50%,,,,
9%,LA-509,,,,,,,8.50%
9%,FL-520,,,,,,,8.50%
9%,NJ-513,,,,,,8.50%,
9%,PA-511,,,,,8.60%,,
9%,PA-509,,,,,8.60%,,
9%,PA-502,,,,,,,8.60%
9%,MI-513,,,8.60%,,,,
9%,AL-501,,,,,,,8.60%
9%,FL-520,,,,,,8.70%,
9%,MA-504,,,,,8.70%,,
9%,TN-504,8.70%,,,,,,
9%,PA-509,,,,8.70%,,,
9%,GA-501,,,,,8.70%,,
9%,NJ-510,,,,8.70%,,,
9%,NJ-512,,,8.70%,,,,
9%,VA-513,,,,,,,8.70%
9%,OR-505,,,,,8.70%,,
9%,OR-505,,,8.80%,,,,
9%,CA-614,,,,,8.80%,,
9%,CA-527,,,,8.80%,,,
9%,IL-500,,,,8.80%,,,
9%,IL-500,,,,,,8.80%,
9%,CA-614,,,,8.80%,,,
9%,GA-502,,,,,,8.80%,
9%,FL-606,,,,8.80%,,,
9%,IL-500,,,,,8.80%,,
9%,GA-501,,,,8.80%,,,
9%,MA-505,,,,,8.80%,,
9%,MD-502,,,,8.90%,,,
9%,MN-502,,,8.90%,,,,
9%,IL-515,,,,,8.90%,,
9%,NC-509,,,,,,,8.90%
9%,FL-519,8.90%,,,,,,
9%,VA-513,,,,,8.90%,,
9%,CA-526,,,8.90%,,,,
9%,OK-505,,,,9.00%,,,
9%,MN-504,,,,9.00%,,,
9%,MD-512,,,,9.00%,,,
9%,MN-511,,,9.00%,,,,
9%,MA-510,,,,9.00%,,,
9%,IA-500,9.00%,,,,,,
9%,NY-510,,9.00%,,,,,
9%,ID-500,,,,,,,9.00%
9%,NJ-513,,,9.00%,,,,
9%,IL-504,,,,,9.00%,,
9%,NJ-515,,9.00%,,,,,
9%,IL-507,9.00%,,,,,,
9%,IL-508,,,,,9.00%,,
9%,TN-500,,,,,,,9.10%
9%,LA-503,,,,,9.10%,,
9%,OR-507,,,,,,,9.10%
9%,IL-516,9.10%,,,,,,
9%,MD-509,,,,,,,9.10%
9%,MS-501,,,9.10%,,,,
9%,NC-513,,,,,,9.10%,
9%,NJ-514,,,,,9.10%,,
9%,PA-603,,9.10%,,,,,
9%,TX-624,,9.10%,,,,,
9%,VT-501,9.10%,,,,,,
9%,MO-500,,,,,,9.10%,
9%,MD-508,,,9.10%,,,,
9%,PA-502,,,,,,9.10%,
9%,IA-500,,,,,,9.10%,
9%,VA-501,,,9.10%,,,,
9%,TN-506,,9.10%,,,,,
9%,MA-505,,9.20%,,,,,
9%,MA-517,,,,9.20%,,,
9%,MI-504,9.20%,,,,,,
9%,GA-506,,,,,,9.20%,
9%,TN-507,,,,,,9.20%,
9%,MS-501,,,,9.20%,,,
9%,CA-612,,9.20%,,,,,
9%,PA-510,,,,,,,9.20%
9%,MA-503,,,,,,,9.20%
9%,FL-603,,,,,9.20%,,
9%,CA-524,,,,,9.20%,,
9%,MI-502,9.20%,,,,,,
9%,TX-600,9.20%,,,,,,
9%,AL-501,,,,,9.20%,,
9%,TN-512,,,,,9.20%,,
9%,NJ-507,,9.30%,,,,,
9%,NJ-501,,9.30%,,,,,
9%,MD-507,,9.30%,,,,,
9%,CA-606,,9.30%,,,,,
9%,MN-504,,,,,9.30%,,
9%,TX-604,,,,9.30%,,,
9%,IL-518,,,,,,9.30%,
9%,MN-504,,,,,,9.40%,
9%,NY-513,,,,9.40%,,,
9%,CA-611,,,,,,,9.40%
9%,MN-501,9.40%,,,,,,
9%,NJ-501,,,,,,9.40%,
9%,AR-501,,,,,9.40%,,
9%,IL-515,,,,9.40%,,,
9%,MT-500,,,,,,,9.40%
9%,NY-511,,9.40%,,,,,
9%,CA-611,9.40%,,,,,,
9%,PA-511,,,,,,,9.50%
9%,KS-505,,,,,,,9.50%
9%,LA-505,,,,,9.50%,,
9%,NY-518,,9.50%,,,,,
9%,MN-501,,9.50%,,,,,
9%,LA-505,,9.50%,,,,,
9%,MS-501,,,,,,,9.50%
9%,LA-506,,,,,,9.50%,
10%,FL-606,,9.50%,,,,,
10%,OK-502,,,,,,9.50%,
10%,NJ-514,,,,9.50%,,,
10%,IL-518,,9.50%,,,,,
10%,MN-503,,,,9.60%,,,
10%,OR-506,,,,,,9.60%,
10%,MD-600,9.60%,,,,,,
10%,NJ-508,,,9.60%,,,,
10%,KS-507,,,,,,,9.60%
10%,MS-503,,,,,,9.60%,
10%,NJ-513,,,,9.60%,,,
10%,PA-502,,,,,9.60%,,
10%,NY-520,,,,,,9.60%,
10%,CA-514,,9.70%,,,,,
10%,MA-510,,,9.70%,,,,
10%,MN-504,,,9.70%,,,,
10%,WA-504,9.70%,,,,,,
10%,CA-530,,,9.70%,,,,
10%,NJ-513,,,,,9.70%,,
10%,NC-513,,9.70%,,,,,
10%,FL-513,9.70%,,,,,,
10%,MN-505,,9.70%,,,,,
10%,PA-509,,,,,,,9.70%
10%,VA-513,,,,,,9.70%,
10%,MD-502,,9.70%,,,,,
10%,MO-602,,,,9.70%,,,
10%,OR-505,,,,,,,9.80%
10%,NC-511,9.80%,,,,,,
10%,NY-501,,,9.80%,,,,
10%,KS-503,,,,,,,9.80%
10%,GA-504,,,,,,,9.80%
10%,FL-515,,,,,,,9.80%
10%,CA-510,,9.80%,,,,,
10%,OK-507,,,,9.90%,,,
10%,WA-501,,,,9.90%,,,
10%,NJ-510,,,,,9.90%,,
10%,PA-501,,,,,,,9.90%
10%,TN-512,9.90%,,,,,,
10%,MA-504,,,,9.90%,,,
10%,OK-507,,,,,,9.90%,
10%,MA-503,,,10.00%,,,,
10%,NY-518,,,10.00%,,,,
10%,CA-611,,10.00%,,,,,
10%,CA-526,,10.00%,,,,,
10%,FL-505,,,10.00%,,,,
10%,KS-505,,,,,,10.00%,
10%,MD-600,,,,10.00%,,,
10%,CA-501,,,10.00%,,,,
10%,CA-518,,,,,10.00%,,
10%,VA-507,,,10.00%,,,,
10%,NJ-514,,,,,,10.00%,
10%,ID-500,,10.00%,,,,,
10%,MN-508,,,,,,,10.10%
10%,NH-501,,,,,,,10.10%
10%,MN-502,,,,,10.10%,,
10%,TN-506,,,,,,,10.10%
10%,MS-503,,,,,10.10%,,
10%,MD-504,,,10.10%,,,,
10%,MO-606,10.10%,,,,,,
10%,MO-604M,,,,,,,10.20%
10%,OR-505,,,,10.20%,,,
10%,FL-520,,,,,10.20%,,
10%,CA-602,,,10.20%,,,,
10%,NJ-504,,,10.20%,,,,
10%,OH-508,10.20%,,,,,,
10%,NY-522,10.20%,,,,,,
10%,MD-600,,10.20%,,,,,
10%,ID-500,,,,,,10.30%,
10%,NJ-500,,10.30%,,,,,
10%,NY-604,10.30%,,,,,,
10%,NJ-513,,,,,,,10.30%
10%,MN-508,,,,,,10.30%,
10%,VA-505,,10.30%,,,,,
10%,WA-504,,10.30%,,,,,
10%,MS-503,,,,10.30%,,,
10%,NJ-500,10.30%,,,,,,
10%,PA-601,,,10.30%,,,,
10%,PA-502,,10.30%,,,,,
10%,OR-502,,,,,,10.40%,
10%,FL-514,,10.40%,,,,,
10%,GA-503,,,,,,,10.40%
10%,AL-503,,,10.40%,,,,
10%,NH-502,,,10.40%,,,,
10%,CA-606,,,10.40%,,,,
10%,GA-503,,,,10.40%,,,
10%,VT-500,10.40%,,,,,,
10%,FL-510,10.40%,,,,,,
10%,PA-500,,,,10.40%,,,
10%,GA-506,,,10.40%,,,,
10%,MN-503,,,,,10.40%,,
10%,PA-502,,,10.40%,,,,
10%,MO-606,,10.40%,,,,,
10%,NY-511,,,,10.40%,,,
10%,MA-505,,,,10.40%,,,
10%,IL-515,,,,,,,10.50%
10%,MO-503,,,,,,,10.50%
11%,MA-510,10.50%,,,,,,
11%,FL-606,10.50%,,,,,,
11%,MA-505,10.50%,,,,,,
11%,MI-502,,,,,,,10.50%
11%,VI-500,,,,10.50%,,,
11%,GA-506,,10.60%,,,,,
11%,SC-503,,,,,,,10.60%
11%,MN-503,,,,,,,10.60%
11%,MA-511,,,10.60%,,,,
11%,NY-501,10.60%,,,,,,
11%,CA-530,,,,,10.60%,,
11%,OK-503,,,,,10.60%,,
11%,VA-505,,,,10.60%,,,
11%,NJ-501,,,10.70%,,,,
11%,FL-503,,,,10.70%,,,
11%,CO-505,,,,,10.70%,,
11%,MA-519,,,,,,,10.70%
11%,NJ-501,,,,,10.70%,,
11%,CA-606,,,,10.70%,,,
11%,NJ-514,,10.70%,,,,,
11%,OR-502,,,10.70%,,,,
11%,CA-614,,10.70%,,,,,
11%,FL-606,,,10.70%,,,,
11%,IL-500,,,10.70%,,,,
11%,MO-604M,,,,,,10.70%,
11%,TX-607,,,,,,,10.70%
11%,PA-501,10.70%,,,,,,
11%,LA-506,,10.70%,,,,,
11%,NC-511,,10.70%,,,,,
11%,VA-505,,,10.80%,,,,
11%,WA-501,,,,,,10.80%,
11%,NY-520,,,,10.80%,,,
11%,ID-500,10.80%,,,,,,
11%,NY-514,,,,10.80%,,,
11%,TX-701,,,,,,10.80%,
11%,VA-508,,,,,,,10.80%
11%,AL-506,,,10.80%,,,,
11%,MA-505,,,10.80%,,,,
11%,MD-509,,,10.80%,,,,
11%,VA-602,,,10.80%,,,,
11%,NC-513,,,,,,,10.80%
11%,VA-513,,10.90%,,,,,
11%,OK-502,,,,,10.90%,,
11%,WA-501,,,,,,,10.90%
11%,MO-606,,,,,10.90%,,
11%,MS-500,,,,,,10.90%,
11%,IL-516,,,,,,10.90%,
11%,MD-511,,,,,,,10.90%
11%,VT-501,,,,10.90%,,,
11%,IL-512,,,,,,10.90%,
11%,NJ-504,,,,,,,10.90%
11%,MN-511,,10.90%,,,,,
11%,OK-500,,,,,10.90%,,
11%,PA-601,,,,10.90%,,,
11%,ID-500,,,,,10.90%,,
11%,NY-514,,10.90%,,,,,
11%,VA-507,,,,,,10.90%,
11%,WA-503,10.90%,,,,,,
11%,NJ-502,,,11.00%,,,,
11%,NY-523,,,,,,,11.00%
11%,TX-603,11.00%,,,,,,
11%,LA-506,,,,11.00%,,,
11%,TX-600,,11.00%,,,,,
11%,NY-503,,,,,,,11.00%
11%,WA-501,,,,,11.00%,,
11%,CA-501,,,,,11.00%,,
11%,FL-519,,,,,11.00%,,
11%,MO-606,,,,11.00%,,,
11%,IL-501,,11.00%,,,,,
11%,MO-503,,,,,,11.00%,
11%,GA-505,11.00%,,,,,,
11%,AL-501,,,,,,11.00%,
11%,FL-520,,,11.00%,,,,
11%,SC-501,,,11.00%,,,,
11%,PA-601,,,,,11.10%,,
11%,FL-505,11.10%,,,,,,
11%,WA-504,,,,11.10%,,,
11%,CA-516,,,,,,11.10%,
11%,NY-523,11.10%,,,,,,
11%,OR-506,,,,,,,11.10%
11%,NJ-516,,,,,11.10%,,
11%,MS-500,,11.20%,,,,,
11%,MD-508,,,,,11.20%,,
11%,OR-506,11.20%,,,,,,
11%,SC-501,,,,,11.20%,,
11%,WA-504,,,,,11.20%,,
11%,NY-514,,,11.20%,,,,
11%,SC-501,,11.20%,,,,,
11%,MO-600,,,11.20%,,,,
11%,WA-507,11.20%,,,,,,
11%,NJ-503,,,,,,,11.20%
11%,CA-530,,,,,,11.20%,
11%,NY-507,,,11.20%,,,,
11%,FL-603,,,,,,11.30%,
11%,MS-500,,,11.30%,,,,
11%,IL-507,,,11.30%,,,,
11%,FL-509,,11.30%,,,,,
11%,NY-507,,11.30%,,,,,
11%,OR-506,,,11.30%,,,,
11%,ME-500,,,,,,11.30%,
11%,FL-515,,,,,11.30%,,
11%,NV-502,,,,,,11.30%,
11%,PA-601,,,,,,11.30%,
11%,OR-506,,11.30%,,,,,
11%,LA-506,,,,,11.40%,,
11%,MO-503,,,11.40%,,,,
11%,LA-503,,,11.40%,,,,
11%,NJ-514,,,,,,,11.40%
11%,OK-502,,11.40%,,,,,
11%,PA-500,,11.40%,,,,,
11%,CA-526,,,,,11.40%,,
11%,FL-512,,,11.40%,,,,
11%,CA-602,11.40%,,,,,,
11%,TX-624,,,,,,11.40%,
11%,VT-501,,,,,11.40%,,
11%,MD-514,,,,,,,11.40%
11%,MO-503,,,,11.50%,,,
11%,CA-527,,,,,,,11.50%
11%,IL-508,11.50%,,,,,,
11%,OR-505,11.50%,,,,,,
12%,LA-503,,,,11.50%,,,
12%,IL-515,,,11.50%,,,,
12%,MD-502,11.50%,,,,,,
12%,VA-503,,11.50%,,,,,
12%,MO-606,,,11.50%,,,,
12%,FL-520,,,,11.50%,,,
12%,MO-600,,11.50%,,,,,
12%,MD-514,,,,,,11.50%,
12%,MO-602,,,,,,,11.50%
12%,MA-500,,,,,,11.50%,
12%,MN-502,,,,,,11.60%,
12%,WA-504,,,,,,11.60%,
12%,VA-508,,,,11.60%,,,
12%,FL-605,,11.60%,,,,,
12%,WA-501,,,11.60%,,,,
12%,MI-511,,,,11.60%,,,
12%,CA-506,,,,,,,11.60%
12%,GA-506,,,,,11.60%,,
12%,OR-502,,11.60%,,,,,
12%,NJ-501,,,,,,,11.60%
12%,NJ-503,,11.60%,,,,,
12%,IL-501,,,11.60%,,,,
12%,MI-523,,,,11.60%,,,
12%,GA-501,,,,,,,11.60%
12%,TN-503,,,,,,,11.60%
12%,NV-502,,,,,11.70%,,
12%,SC-501,,,,11.70%,,,
12%,MD-508,,,,11.70%,,,
12%,MI-504,,,,,,11.70%,
12%,NJ-501,11.70%,,,,,,
12%,SC-501,,,,,,,11.70%
12%,WA-500,11.70%,,,,,,
12%,NY-522,,,,,,,11.70%
12%,MO-500,11.70%,,,,,,
12%,LA-508,11.70%,,,,,,
12%,TN-509,,,11.80%,,,,
12%,CA-501,,,,,,,11.80%
12%,CA-606,,,,,11.80%,,
12%,AL-503,,,,11.80%,,,
12%,GA-504,,,11.80%,,,,
12%,NY-504,,,11.80%,,,,
12%,NY-514,,,,,11.80%,,
12%,TX-600,,,11.80%,,,,
12%,MA-506,,,,,,,11.80%
12%,CO-505,,,,11.80%,,,
12%,MN-503,11.80%,,,,,,
12%,MN-506,,11.80%,,,,,
12%,SC-500,11.80%,,,,,,
12%,NY-504,,,,,11.80%,,
12%,VA-600,,,,,,,11.80%
12%,NJ-500,,,11.80%,,,,
12%,VA-600,,,,,,11.80%,
12%,NJ-516,,,,,,,11.80%
12%,IL-502,,,,,,11.80%,
12%,LA-505,11.80%,,,,,,
12%,MO-500,,,11.80%,,,,
12%,CA-521,,,,,,,11.90%
12%,TX-624,,,,11.90%,,,
12%,PA-510,,,11.90%,,,,
12%,NC-502,,,,,,,11.90%
12%,MA-504,,,,,,11.90%,
12%,HI-500,,,,,,,11.90%
12%,GA-505,,,,11.90%,,,
12%,LA-505,,,11.90%,,,,
12%,PA-504,11.90%,,,,,,
12%,MA-508,,,11.90%,,,,
12%,MA-511,,,,,,11.90%,
12%,PA-509,,,,,,11.90%,
12%,CA-607,,11.90%,,,,,
12%,GA-506,,,,11.90%,,,
12%,FL-511,,,,,,,12.00%
12%,PA-511,,,12.00%,,,,
12%,OR-502,,,,,,,12.00%
12%,CA-523,,,,,12.00%,12.00%,
12%,NC-509,,,12.00%,,,,
12%,NJ-516,,12.00%,,,,,
12%,NJ-502,,,,,,,12.00%
12%,PA-508,,12.00%,,,,,
12%,MA-510,,12.10%,,,,,
12%,WA-500,,12.10%,,,,,
12%,OK-507,,,12.10%,,,,
12%,TN-504,,,12.10%,,,,
12%,MN-511,,,,,,,12.10%
12%,CA-506,,,,,12.10%,,
12%,MD-503,,,,,,12.10%,
12%,NJ-502,12.10%,,,,,,
12%,NY-501,,12.10%,,,,,
12%,TX-624,,,12.10%,,,,
12%,OH-508,,,12.10%,,,,
12%,FL-602,,,,12.10%,,,
12%,NJ-504,,,,12.10%,12.10%,,
12%,FL-602,,,12.10%,,,,
12%,PA-501,,,12.10%,,,,
12%,CA-503,12.10%,,,,,,
12%,NJ-515,,,,12.20%,,,
12%,MO-500,,,,,12.20%,,
12%,CO-503,,,,,12.20%,,
12%,GA-501,,,,,,12.20%,
12%,GA-505,,,,,,12.20%,
12%,LA-506,12.20%,,,,,,
12%,TN-503,,,,12.20%,,,
12%,VA-505,,,,,,,12.20%
12%,MI-523,,,,,12.20%,,
12%,MI-509,,,,,,,12.20%
12%,CA-506,,,,12.30%,,,
12%,MA-502,,,,12.30%,,,
12%,MN-511,,,,,12.30%,,
12%,NJ-507,12.30%,,,,,,
12%,FL-503,,,,,,12.30%,
12%,KY-500,,12.30%,,,,,
12%,NY-607,,,12.30%,,,,
12%,MA-507,12.30%,,,,,,
12%,GA-508,,,12.30%,,,,
12%,MO-606,,,,,,,12.30%
12%,NY-516,,,12.30%,,,,
12%,GA-501,,,12.30%,,,,
12%,TX-701,,,,,12.30%,,
12%,NM-501,12.30%,,,,,,
12%,MA-509,,12.30%,,,,,
12%,VA-521,,,,,,,12.30%
12%,WA-507,,12.40%,,,,,
12%,FL-505,,,,12.40%,,,
12%,MA-506,,,,,,12.40%,
12%,NY-522,,,,,,12.40%,
12%,MA-515,,12.40%,,,,,
12%,NJ-501,,,,12.40%,,,
12%,VA-508,12.40%,,,,,,
12%,SC-503,,,,,,12.40%,
12%,TN-502,,,,12.40%,,,
13%,AK-501,,,12.50%,,,,
13%,KS-503,,,,,12.50%,,
13%,MD-600,,,,,,,12.50%
13%,MD-600,,,,,12.50%,,
13%,NJ-503,12.50%,,,,,,
13%,CO-500,,,,,,12.50%,
13%,PR-503,,,12.60%,,,,
13%,KY-500,12.60%,,,,,,
13%,CO-505,,,,,,12.60%,
13%,MA-509,,,,,12.60%,,
13%,TN-504,,,,,,,12.60%
13%,NY-510,12.60%,,,,,,
13%,MS-500,,,,,12.60%,,
13%,MA-511,,12.60%,,,,,
13%,VT-500,,,,,,,12.70%
13%,CA-506,,,12.70%,,,,
13%,MI-523,,,12.70%,,,,
13%,OK-500,,,12.70%,,,,
13%,IL-503,,12.70%,,,,,
13%,NY-606,,,,,,12.70%,
13%,AL-503,,,,,,,12.70%
13%,IL-512,,,,,12.70%,,
13%,CA-602,,,,12.70%,,,
13%,VT-501,,,,,,12.70%,
13%,IL-512,,12.70%,,,,,
13%,NY-606,,,,12.70%,,,
13%,CA-510,12.70%,,,,,,
13%,VT-500,,,,12.70%,,,
13%,GU-500,12.70%,,,,,,
13%,MA-500,,,,,,,12.80%
13%,NM-501,,,,,,12.80%,
13%,CA-524,,,,12.80%,,,
13%,NY-604,,,,,,,12.80%
13%,MA-507,,,,12.80%,,,
13%,FL-602,,,,,,12.80%,
13%,LA-507,,,,,,,12.80%
13%,VA-507,,,,12.80%,,,
13%,NY-607,,12.80%,,,,,
13%,NJ-514,12.80%,,,,,,
13%,IL-512,,,,,,,12.80%
13%,CO-500,,,,,12.80%,,
13%,FL-504,,,,,,12.80%,
13%,MN-503,,12.80%,,,,,
13%,OK-506,,12.80%,,,,,
13%,PA-503,12.90%,,,,,,
13%,MA-502,,,,,,,12.90%
13%,NH-501,,,,12.90%,,,
13%,MD-506,,,,12.90%,,,
13%,SC-503,,12.90%,,,,,
13%,AR-501,,,12.90%,,,,
13%,CA-520,,,,,12.90%,,
13%,TN-500,,,,,,12.90%,
13%,OK-505,,,,,12.90%,,
13%,IL-509,12.90%,,,,,,
13%,OK-507,,12.90%,,,,,
13%,VA-521,,,12.90%,,,,
13%,MA-503,,12.90%,,,,,
13%,LA-500,,,12.90%,,,,
13%,GA-503,,,,,,13.00%,
13%,MA-507,,,,,13.00%,,
13%,NY-522,,13.00%,,,,,
13%,FL-511,13.00%,,,,,,
13%,NY-525,,,,,13.00%,,
13%,MS-500,13.00%,,,,,,
13%,OR-504,,,,,,13.00%,
13%,NJ-515,,,,,,13.00%,
13%,TN-501,,13.00%,,,,,
13%,FL-505,,,,,13.00%,,
13%,CO-503,,,,13.00%,,,
13%,IL-515,13.00%,,,,,,
13%,NJ-510,,,13.00%,,,,
13%,NY-520,,13.00%,13.00%,,,,
13%,MA-515,13.10%,,,,,,
13%,OH-508,,13.10%,,,,,
13%,HI-501,,,,,,13.10%,
13%,TN-509,,,,,,,13.10%
13%,IL-511,,,,,,,13.10%
13%,CA-518,,,,,,,13.10%
13%,GU-500,,,,13.10%,,,
13%,FL-514,,,,,,,13.20%
13%,SC-503,,,13.20%,,,,
13%,NY-522,,,,13.20%,,,
13%,TX-604,,,13.20%,,,,
13%,OK-502,,,,,,,13.20%
13%,ID-501,,,,,13.20%,,
13%,CA-514,,,,,13.20%,,
13%,FL-519,,,,,,,13.20%
13%,MD-600,,,,,,13.20%,
13%,VA-521,,,,,,13.20%,
13%,MO-602,,,,,13.30%,,
13%,NJ-516,,,,13.30%,,,
13%,FL-515,13.30%,,,,,,
13%,MA-511,,,,,,,13.30%
13%,NH-501,,,13.30%,,,,
13%,VT-501,,,,,,,13.30%
13%,MD-508,13.30%,,,,,,
13%,SC-503,,,,,13.30%,,
13%,CA-602,,13.30%,,,,,
13%,FL-602,13.30%,,,,,,
13%,MO-500,,,,13.30%,,,
13%,FL-509,,,,,,,13.30%
13%,KS-505,,,13.30%,,,,
13%,MA-509,,,,13.30%,,,
13%,NY-520,,,,,,,13.30%
13%,PR-503,13.30%,,,,,,
13%,AL-501,,,,13.40%,,,
13%,CA-506,,13.40%,,,,,
13%,OK-506,13.40%,,,,,,
13%,PR-503,,,,,,13.40%,
13%,MO-501,,,,13.40%,,,
13%,MA-507,,,13.40%,,,,
13%,NJ-510,,,,,,13.40%,
13%,CA-514,,,,,,13.40%,
13%,NY-512,,13.40%,,,,,
13%,FL-511,,13.50%,,,,,
13%,CA-518,,,,13.50%,,,
13%,PA-510,,13.50%,,,,,
13%,FL-510,,,,13.50%,,,
13%,TN-504,,13.50%,,,,,
14%,WA-503,,,13.50%,,,,
14%,CA-507,,,,,13.50%,,
14%,IL-508,,,,,,13.50%,
14%,IL-520,,13.50%,,,,,
14%,MN-503,,,,,,13.50%,
14%,SD-500,13.60%,,,,,,
14%,KY-500,,,,,,13.60%,
14%,CA-600,13.60%,,,,,,
14%,NY-511,,,13.60%,,,,
14%,AL-504,,13.60%,,,,,
14%,CA-514,,,13.60%,,,,
14%,KY-500,,,,13.60%,,,
14%,UT-504,13.60%,,,,,,
14%,WI-502,,13.60%,,,,,
14%,IL-520,,,,,13.60%,,
14%,VA-521,,,,,13.60%,,
14%,CA-609,,,,,,13.60%,
14%,MD-501,13.60%,,,,,,
14%,TX-604,,,,,13.60%,,
14%,VA-602,13.60%,,,,,,
14%,CA-507,,,,13.60%,,,
14%,MO-602,,,,,,13.70%,
14%,KY-500,,,,,13.70%,,
14%,VA-505,,,,,13.70%,,
14%,CA-603,,,,,,,13.70%
14%,FL-509,,,13.70%,,,,
14%,LA-509,,,,,,13.70%,
14%,MO-602,,,13.70%,,,,
14%,VA-521,,,,13.70%,,,
14%,GA-501,13.70%,,,,,,
14%,OK-505,,,,,,,13.70%
14%,MI-503,,,,,,13.70%,
14%,SC-501,,,,,,13.70%,
14%,ID-501,,,,,,13.70%,
14%,CA-506,13.80%,,,,,,
14%,CA-508,13.80%,,,,,,
14%,WA-503,,,,13.80%,,,
14%,MD-601,13.80%,,,,,,
14%,FL-510,,,13.80%,,,,
14%,WA-501,,13.80%,,,,,
14%,MN-505,,,,,,,13.80%
14%,PA-600,13.80%,,,,,,
14%,IL-519,,,,,13.90%,,
14%,CA-514,,,,,,,13.90%
14%,CA-522,,,,,,,13.90%
14%,FL-505,,,,,,13.90%,
14%,MI-502,,,,,,13.90%,
14%,GA-505,,,,,13.90%,,
14%,TN-502,,,,,,13.90%,
14%,CA-515,,,,13.90%,,,
14%,MA-506,,,,,13.90%,,
14%,FL-605,13.90%,,,,,,
14%,AZ-500,,,,,,,13.90%
14%,MN-501,,,,,,,13.90%
14%,NC-503,,,,,,13.90%,
14%,KY-500,,,,,,,13.90%
14%,ID-501,,,,,,,13.90%
14%,NJ-502,,,,,14.00%,,
14%,UT-504,,,,,,14.00%,
14%,VI-500,,,,,,14.00%,
14%,FL-602,,,,,14.00%,,
14%,LA-507,,14.00%,,,,,
14%,TN-509,,,,,,14.00%,
14%,LA-500,,,,,,,14.00%
14%,MO-603,,,,,,,14.00%
14%,NC-513,,,,,14.00%,,
14%,GU-500,,,14.00%,,,,
14%,CA-514,,,,14.00%,,,
14%,VA-503,,,14.00%,,,,
14%,PA-603,,,,14.00%,,,
14%,VT-500,,,,,,14.00%,
14%,TN-501,14.00%,,,,,,
14%,MA-509,14.00%,,,,,,
14%,AR-503,,,,,,,14.10%
14%,MN-505,,,,14.10%,,,
14%,MD-506,14.10%,,,,,,
14%,CA-501,14.10%,,,,,,
14%,MD-504,,14.10%,,,,,
14%,NJ-516,,,14.10%,,,,
14%,FL-505,,14.10%,,,,,
14%,MD-500,,14.10%,,,,,
14%,MN-505,14.10%,,,,,,
14%,MO-600,,,,14.10%,,,
14%,MD-501,,,,14.10%,,,
14%,WV-500,,,,,,,14.10%
14%,MD-501,,,14.10%,,,,
14%,TX-607,,,,14.10%,,,
14%,MA-507,,,,,,,14.10%
14%,OR-502,,,,14.10%,,,
14%,NY-523,,,14.10%,,,,
14%,MD-501,,14.10%,,,,,
14%,FL-504,,,14.10%,,,,
14%,VA-513,,,14.10%,,,,
14%,FL-511,,,,,,14.10%,
14%,MO-600,,,,,,14.20%,
14%,CA-508,,,14.20%,,,,
14%,MN-505,,,,,,14.20%,
14%,NY-522,,,14.20%,,,,
14%,CA-519,,,,,,,14.20%
14%,OK-505,,,14.20%,,,,
14%,CA-508,,,,,,14.20%,
14%,CA-522,,,,,14.20%,,
14%,ID-501,14.20%,,,,,,
14%,MA-500,,,,,14.20%,,
14%,PA-508,,,,,,,14.20%
14%,MI-503,,,,14.20%,,,
14%,PA-508,14.20%,,,,,,
14%,VA-501,,,,14.20%,,,
14%,MA-509,,,,,,,14.20%
14%,TN-500,,,14.20%,,,,
14%,WA-500,,,14.20%,,,,
14%,AL-504,,,,,14.20%,,
14%,AR-503,,14.30%,,,,,
14%,IL-520,,,,,,14.30%,
14%,OK-500,,,,,,,14.30%
14%,VT-500,,,14.30%,,,,
14%,MD-501,,,,,14.30%,,
14%,VA-502,,14.30%,,,,,
14%,OR-502,,,,,14.30%,,
14%,AL-504,,,,,,14.30%,
14%,HI-501,,,,,,,14.30%
14%,SC-501,14.30%,,,,,,
14%,FL-510,,,,,14.40%,,
14%,VA-521,14.40%,,,,,,
14%,CA-521,,,,14.40%,,,
14%,IL-503,,,,,,14.40%,
14%,AL-504,,,,,,,14.40%
14%,TN-500,,14.40%,,,,,
14%,MD-511,,14.40%,,,,,
14%,MN-506,14.40%,,,,,,
14%,VA-600,,,,,14.40%,,
14%,NY-522,,,,,14.40%,,
14%,OK-500,,,,,,14.40%,
14%,IL-512,14.40%,,,,,,
14%,AZ-500,,,,,,14.40%,
14%,AR-500,,,,,,,14.40%
14%,MI-523,,,,,,,14.40%
14%,NJ-503,,,,,14.40%,,
14%,CA-600,,,,,,,14.40%
14%,NY-518,,,,,,,14.50%
14%,PA-603,14.50%,,,,,,
14%,VT-500,,,,,14.50%,,
14%,CA-508,,,,,,,14.50%
14%,FL-510,,,,,,,14.50%
14%,IL-518,,,,,,,14.50%
15%,LA-507,,,,,,14.50%,
15%,IL-519,,,,,,14.50%,
15%,NY-603,,,14.50%,,,,
15%,PA-505,,,,,,,14.50%
15%,NY-523,,,,,,14.50%,
15%,FL-503,,,,,,,14.50%
15%,PR-503,,,,,,,14.50%
15%,FL-504,,14.60%,,,,,
15%,VA-602,,,,,,14.60%,
15%,CA-501,,,,14.60%,,,
15%,IL-500,,,,,,,14.60%
15%,LA-500,,,,14.60%,,,
15%,WA-502,,,14.60%,,,,
15%,MA-506,,,,14.60%,,,
15%,MO-501,,,,,14.60%,,
15%,TX-701,,,14.60%,,,,
15%,CA-522,,,14.60%,,,,
15%,NY-606,,,14.60%,,,,
15%,UT-503,14.60%,,,,,,
15%,VA-503,,,,,,,14.60%
15%,FL-513,,,,,,14.70%,
15%,VA-508,,14.70%,,,,,
15%,CA-522,,14.70%,,,,,
15%,NY-501,,,,14.70%,,,
15%,CO-503,,,,,,,14.70%
15%,CA-509,,,,,14.70%,,
15%,CA-508,,14.70%,,,,,
15%,MO-604K,14.70%,,,,,,
15%,MI-504,,,14.70%,,,,
15%,PA-500,14.70%,,,,,,
15%,GU-500,,,,,14.80%,,
15%,VA-507,,,,,14.80%,,
15%,NC-503,,,14.80%,,,,
15%,MN-501,,,,,,14.80%,
15%,LA-507,,,,,14.80%,,
15%,IL-503,,,,14.80%,,,
15%,CA-518,,,,,,14.80%,
15%,MN-505,,,14.80%,,,,
15%,AL-505,14.80%,,,,,,
15%,CA-614,,,14.80%,,,,
15%,FL-512,,14.80%,,,,,
15%,CA-609,,14.80%,,,,,
15%,FL-602,,14.80%,,,,,
15%,NM-501,,,,14.80%,,,
15%,ID-501,,,,14.80%,,,
15%,FL-510,,14.90%,,,,,
15%,FL-520,,14.90%,,,,,
15%,SD-500,,14.90%,,,,,
15%,MD-504,,,,,,14.90%,
15%,VA-513,,,,14.90%,,,
15%,OK-505,,14.90%,,,,,
15%,MD-503,,,,,,,14.90%
15%,GA-504,,,,,14.90%,,
15%,IL-512,,,14.90%,,,,
15%,TN-512,,,,14.90%,,,
15%,CA-522,,,,14.90%,,,
15%,MD-501,,,,,,,14.90%
15%,KY-500,,,14.90%,,,,
15%,NJ-516,,,,,,14.90%,
15%,DE-500,,,,,,,14.90%
15%,CA-521,,,,,,14.90%,
15%,PA-508,,,,,14.90%,,
15%,CA-518,,,14.90%,,,,
15%,MI-511,,,,,,14.90%,
15%,CA-509,,,15.00%,,,,
15%,TX-503,,15.00%,,,,,
15%,FL-515,,,,,,15.00%,
15%,MD-510,15.00%,,,,,,
15%,TN-503,,,,,15.00%,,
15%,AL-503,,15.00%,,,,,
15%,FL-513,,,15.00%,,,,
15%,CA-613,15.00%,,,,,,
15%,CA-614,15.00%,,,,,,
15%,IA-500,,,,,,,15.00%
15%,WA-503,,15.00%,,,,,
15%,FL-506,15.00%,,,,,,
15%,MN-501,,,15.00%,,,,
15%,NC-502,,,,,15.00%,,
15%,NC-503,15.10%,,,,,,
15%,FL-518,,,,,,,15.10%
15%,FL-512,,,,15.10%,,,
15%,KS-505,,15.10%,,,,,
15%,MI-503,,,,,15.10%,,
15%,NJ-503,,,,,,15.10%,
15%,NC-501,,,,,,,15.10%
15%,WA-500,,,,15.10%,,,
15%,FL-603,,,,,,,15.10%
15%,UT-504,,,,,,,15.10%
15%,NY-603,,15.10%,,,,,
15%,FL-503,,,,,15.10%,,
15%,VA-604,,,,,,,15.10%
15%,FL-515,,,,15.10%,,,
15%,NJ-504,,,,,,15.10%,
15%,MO-606,,,,,,15.10%,
15%,AL-506,,,,,,,15.20%
15%,DC-500,,15.20%,,,,,
15%,VA-604,,,,,,15.20%,
15%,GA-508,15.20%,,,,,,
15%,SC-500,,,,15.20%,,,
15%,MA-507,,,,,,15.20%,
15%,MN-509,,15.20%,,,,,
15%,OH-504,,,,,,,15.20%
15%,CA-502,,,,15.20%,,,
15%,NY-602,15.20%,,,,,,
15%,ID-501,,,15.30%,,,,
15%,NC-502,,15.30%,,,,,
15%,DC-500,15.30%,,,,,,
15%,AL-503,,,,,15.30%,,
15%,CO-500,15.30%,,,,,,
15%,NY-523,,,,,15.30%,,
15%,VT-500,,15.30%,,,,,
15%,MD-511,15.30%,,,,,,
15%,NY-525,,,,,,15.30%,
15%,VA-603,,,15.30%,,,,
15%,CA-504,,,,,,,15.30%
15%,MA-503,15.30%,,,,,,
15%,PA-603,,,,,15.30%,,
15%,MA-503,,,,,15.30%,,
15%,PA-512,,,,,,15.40%,
15%,CA-602,,,,,15.40%,,
15%,IN-502,,,,,,15.40%,
15%,CA-520,,15.40%,,,,,
15%,TN-500,,,,,15.40%,,
15%,TN-502,,,,,,,15.40%
15%,MN-501,,,,15.40%,,,
15%,NY-601,15.40%,,,,,,
15%,HI-500,,,,,,15.40%,
15%,CA-521,,15.40%,,,,,
15%,NY-604,,,,,,15.40%,
15%,LA-502,,,,,15.40%,,
15%,NY-511,,,,,,,15.40%
15%,PA-506,15.50%,,,,,,
15%,WI-502,,,15.50%,,,,
16%,MI-511,,15.50%,,,,,
16%,MD-601,,,,,,15.50%,
16%,NC-503,,,,,15.50%,,
16%,NC-516,,,,,,,15.50%
16%,LA-507,15.50%,,,,,,
16%,MD-504,,,,,,,15.50%
16%,NY-601,,,,15.50%,,,
16%,CA-512,,,15.50%,,,,
16%,TX-611,,,,,,15.60%,
16%,AZ-500,,,15.60%,,,,
16%,WI-502,,,,,,,15.60%
16%,NJ-509,,,,15.60%,,,
16%,NY-501,,,,,,,15.60%
16%,MA-507,,15.60%,,,,,
16%,MD-503,,,,,15.60%,,
16%,CA-600,,,15.60%,,,,
16%,OK-502,,,15.60%,,,,
16%,MI-513,15.60%,,,,,,
16%,PA-510,15.60%,,,,,,
16%,CA-609,,,,,15.60%,,
16%,CA-609,,,,,,,15.60%
16%,SC-500,,15.60%,,,,,
16%,NM-501,,15.60%,,,,,
16%,OK-500,15.60%,,,,,,
16%,PA-502,15.60%,,,,,,
16%,PA-601,,15.60%,,,,,
16%,CA-604,,,,,,,15.60%
16%,NM-501,,,15.60%,,,,
16%,VA-600,,,15.60%,,,,
16%,WA-502,,,,,,,15.60%
16%,PA-603,,,,,,,15.70%
16%,MD-601,,,,,15.70%,,
16%,NJ-506,,,,,,,15.70%
16%,MD-601,,,,15.70%,,,
16%,MN-502,,,,,,,15.70%
16%,IL-515,,15.70%,,,,,
16%,AR-501,,,,,,,15.70%
16%,PA-504,,15.70%,,,,,
16%,MN-506,,,,,,,15.70%
16%,FL-513,,15.80%,,,,,
16%,ID-501,,15.80%,,,,,
16%,VA-501,,,,,15.80%,,
16%,AL-503,15.80%,,,,,,
16%,AL-506,,15.80%,,,,,
16%,MD-509,,,,15.80%,,,
16%,CA-505,,,,,,,15.80%
16%,NJ-515,,,,,15.80%,,
16%,TX-607,,,,,,15.80%,
16%,NC-509,15.80%,,,,,,
16%,NH-502,,,,,15.90%,,
16%,MI-507,,,,,,,15.90%
16%,IL-519,,,15.90%,,,,
16%,VA-600,,,,15.90%,,,
16%,PA-512,,,,,,,15.90%
16%,NY-503,15.90%,,,,,,
16%,FL-511,,,15.90%,,,,
16%,CA-505,,,15.90%,,,,
16%,CA-512,,15.90%,,,,,
16%,PA-501,,,,,,15.90%,
16%,NC-502,,,,,,15.90%,
16%,NY-600,,,,,,,15.90%
16%,VA-503,15.90%,,,,,,
16%,NM-501,,,,,,,15.90%
16%,CA-600,,,,16.00%,,,
16%,NC-504,,,,16.00%,,,
16%,CA-505,16.00%,,,,,,
16%,NY-512,16.00%,,,,,,
16%,MD-501,,,,,,16.00%,
16%,NV-502,,16.00%,,,,,
16%,TN-501,,,16.00%,,,,
16%,PA-511,,,,,,16.00%,
16%,MI-504,,,,,,,16.00%
16%,CA-600,,,,,16.00%,,
16%,NC-503,,,,,,,16.00%
16%,CA-527,,,,,16.00%,,
16%,TX-607,,,16.00%,,,,
16%,IL-514,,,,,,,16.00%
16%,CA-511,16.10%,,,,,,
16%,CA-513,16.10%,,,,,,
16%,KY-502,,16.10%,,,,,
16%,NJ-515,,,16.10%,,,,
16%,DC-500,,,16.10%,,,,
16%,VA-603,,,,,,16.10%,
16%,NE-500,,,16.10%,,,,
16%,IL-519,16.10%,,,,,,
16%,LA-503,,16.10%,,,,,
16%,NH-501,,,,,16.10%,,
16%,NM-501,,,,,16.10%,,
16%,IL-511,,,,,16.10%,,
16%,KY-502,16.10%,,,,,,
16%,GA-505,,,16.10%,,,,
16%,NC-501,,,,,,16.20%,
16%,GA-504,16.20%,,,,,,
16%,GU-500,,,,,,,16.20%
16%,MI-500,,,,,16.20%,,
16%,CA-505,,16.20%,,,,,
16%,PA-603,,,,,,16.20%,
16%,IL-511,,16.20%,,,,,
16%,NY-518,,,,,,16.20%,
16%,MA-503,,,,16.20%,,,
16%,AR-505,,,,,,,16.20%
16%,CA-614,,,,,,16.20%,
16%,FL-503,,16.20%,,,,,
16%,NY-513,,,,,,,16.20%
16%,CO-503,,,,,,16.20%,
16%,GA-507,,,,,,16.30%,
16%,NH-502,,,,,,,16.30%
16%,NY-523,,16.30%,,,,,
16%,CA-520,,,,,,,16.30%
16%,VA-508,,,,,,16.30%,
16%,CA-604,,,,16.30%,,,
16%,CA-512,,,,,,,16.30%
16%,IN-502,,,,,16.30%,,
16%,NJ-509,16.30%,,,,,,
16%,OK-507,16.30%,,,,,,
16%,FL-501,,,,16.30%,,,
16%,TN-509,,,,16.30%,,,
16%,VA-503,,,,16.30%,,,
16%,CA-501,,,,,,16.30%,
16%,NY-518,,,,16.30%,,,
16%,MO-600,,,,,,,16.30%
16%,TN-509,,,,,16.30%,,
16%,NY-503,,,,,16.30%,,
16%,SC-500,,,16.40%,,,,
16%,CA-505,,,,,,16.40%,
16%,GA-500,,,,,,,16.40%
16%,NE-500,,16.40%,,,,,
16%,NY-523,,,,16.40%,,,
16%,PA-506,,16.40%,,,,,
16%,FL-509,,,,16.40%,,,
16%,IL-511,,,,16.40%,,,
16%,PR-503,,,,,16.40%,,
16%,FL-506,,,,,,,16.40%
16%,IL-511,,,16.40%,,,,
16%,PA-600,,16.40%,,,,,
16%,NY-501,,,,,16.40%,,
16%,GA-504,,,,,,16.50%,
16%,MO-600,16.50%,,,,,,
16%,MI-500,,,,,,,16.50%
16%,MN-505,,,,,16.50%,,
17%,TX-607,,,,,16.50%,,
17%,IL-503,16.50%,,,,,,
17%,WA-502,16.50%,,,,,,
17%,FL-510,,,,,,16.50%,
17%,TN-504,,,,,,16.50%,
17%,NY-503,,,,,,16.50%,
17%,NC-502,,,16.50%,,,,
17%,SC-500,,,,,,,16.50%
17%,GA-503,,16.50%,,,,,
17%,MD-511,,,16.60%,,,,
17%,MN-506,,,,16.60%,,,
17%,TN-504,,,,16.60%,,,
17%,NC-500,,,,16.60%,,,
17%,TX-503,16.60%,,,,,,
17%,CA-508,,,,16.60%,,,
17%,FL-501,,,,,,,16.60%
17%,CA-526,,,,,,16.60%,
17%,NC-505,16.60%,,,,,,
17%,VA-604,,16.60%,,,,,
17%,CA-609,,,,16.60%,,,
17%,NY-525,,,,,,,16.60%
17%,NE-500,,,,,16.60%,,
17%,MO-501,,16.60%,,,,,
17%,CA-505,,,,,16.60%,,
17%,MD-601,,,16.70%,,,,
17%,FL-606,,,,,16.70%,,
17%,MN-508,,,,,16.70%,,
17%,NY-520,,,,,16.70%,,
17%,NY-603,,,,16.70%,,,
17%,NY-507,,,,,,,16.70%
17%,FL-519,,,,,,16.70%,
17%,NJ-500,,,,,16.70%,,
17%,NY-604,,,,16.70%,,,
17%,GA-501,,16.70%,,,,,
17%,MA-511,,,,16.70%,,,
17%,MI-500,,,,,,16.70%,
17%,MO-501,,,16.80%,,,,
17%,UT-504,,16.80%,,,,,
17%,NC-503,,16.80%,,,,,
17%,AR-500,,,,,,16.80%,
17%,PA-506,,,16.80%,,,,
17%,IL-511,16.80%,,,,,,
17%,PA-500,,,,,16.80%,,
17%,IN-502,,,,16.80%,,,
17%,IL-512,,,,16.80%,,,
17%,WA-508,,,,16.80%,,,
17%,CA-604,,,,,,16.80%,
17%,MI-509,,,,,,16.80%,
17%,NJ-509,,,16.80%,,,,
17%,MD-500,16.80%,,,,,,
17%,MO-501,,,,,,,16.80%
17%,CA-512,,,,16.80%,,,
17%,TX-503,,,,,,,16.90%
17%,MA-508,,16.90%,,,,,
17%,AR-500,,,,16.90%,,,
17%,TX-600,,,,,16.90%,,
17%,CA-603,,,,,,16.90%,
17%,VA-604,,,,16.90%,,,
17%,MD-503,16.90%,,,,,,
17%,CA-604,,,,,16.90%,,
17%,NY-504,,,,17.00%,,,
17%,FL-501,,,,,,17.00%,
17%,MI-504,,,,,17.00%,,
17%,AR-500,,,17.00%,,,,
17%,CA-600,,,,,,17.00%,
17%,FL-513,,,,,17.00%,,
17%,MA-500,,,,17.00%,,,
17%,NC-506,,,,,17.00%,,
17%,HI-501,,,,,17.00%,,
17%,TX-607,,17.00%,,,,,
17%,MI-518,,,,,,,17.00%
17%,LA-500,,,,,,17.00%,
17%,OH-507,,,17.00%,,,,
17%,FL-501,,,17.00%,,,,
17%,CA-508,,,,,17.00%,,
17%,NJ-515,17.00%,,,,,,
17%,CO-500,,,,17.00%,,,
17%,TX-503,,,,,17.00%,,
17%,WA-502,,17.10%,,,,,
17%,VA-604,,,,,17.10%,,
17%,OH-501,,,,,,,17.10%
17%,PA-601,17.10%,,,,,,
17%,WA-502,,,,17.10%,,,
17%,PR-502,,,17.10%,,,,
17%,FL-505,,,,,,,17.10%
17%,MN-506,,,17.10%,,,,
17%,FL-603,,,,17.10%,,,
17%,CA-602,,,,,,,17.10%
17%,CO-500,,,17.10%,,,,
17%,MD-505,,,17.10%,,,,
17%,NC-500,,,17.10%,,,,
17%,PA-505,,,,,,17.10%,
17%,OH-501,,17.20%,,,,,
17%,OH-501,,,17.20%,,,,
17%,NY-503,,,17.20%,,,,
17%,LA-500,,17.20%,,,,,
17%,WI-502,17.20%,,,,,,
17%,CA-500,,,17.20%,,,,
17%,NC-501,,17.20%,,,,,
17%,GA-504,,,,17.20%,,,
17%,NE-500,,,,17.20%,,,
17%,CA-505,,,,17.20%,,,
17%,TX-503,,,17.20%,,,,
17%,IL-501,17.20%,,,,,,
17%,ME-500,,,,,17.30%,,
17%,IL-520,,,,17.30%,,,
17%,CA-600,,17.30%,,,,,
17%,IL-501,,,,,17.30%,,
17%,MD-511,,,,,,17.30%,
17%,NH-502,,,,17.30%,,,
17%,NY-604,,17.30%,,,,,
17%,WA-500,,,,,,,17.30%
17%,MI-518,,,,17.30%,,,
17%,FL-602,,,,,,,17.30%
17%,NJ-509,,,,,17.30%,,
17%,MA-500,17.30%,,,,,,
17%,IL-514,,,17.30%,,,,
17%,AR-503,,,17.40%,,,,
17%,AZ-500,,,,,17.40%,,
17%,IL-520,,,,,,,17.40%
17%,MI-504,,17.40%,,,,,
17%,NY-503,,,,17.40%,,,
17%,CA-604,,17.40%,,,,,
17%,MO-501,,,,,,17.40%,
17%,OH-507,,,,17.40%,,,
17%,HI-500,,,17.40%,,,,
17%,MD-505,,,,17.50%,,,
17%,FL-501,17.50%,,,,,,
17%,CA-526,,,,,,,17.50%
17%,NM-500,,17.50%,,,,,
17%,OH-507,,17.50%,,,,,
17%,PA-603,,,17.50%,,,,
18%,CA-507,,,,,,,17.50%
18%,AR-508,,,,,,17.50%,
18%,NY-603,,,,,,,17.50%
18%,HI-500,,17.50%,,,,,
18%,PA-508,,,17.60%,,,,
18%,MI-500,,,,17.60%,,,
18%,MN-509,,,,,,17.60%,
18%,MI-500,,,17.60%,,,,
18%,CA-502,,,,,17.60%,,
18%,OK-500,,,,17.60%,,,
18%,LA-502,,,,,,,17.60%
18%,IL-511,,,,,,17.60%,
18%,OH-501,,,,17.60%,,,
18%,NJ-509,,,,,,17.60%,
18%,OR-500,,17.60%,,,,,
18%,PA-501,,,,17.60%,,,
18%,VA-507,,,,,,,17.60%
18%,CA-502,,,,,,17.70%,
18%,PA-508,,,,,,17.70%,
18%,NC-505,,17.70%,,,,,
18%,CA-609,,,17.70%,,,,
18%,AL-504,,,,17.70%,,,
18%,MI-515,,,,,17.70%,,
18%,PR-503,,17.70%,,,,,
18%,NY-512,,,,17.70%,,,
18%,OR-500,,,,,,,17.70%
18%,MA-500,,,17.70%,,,,
18%,SC-500,,,,,17.70%,,
18%,NC-501,,,,,17.80%,,
18%,CO-500,,,,,,,17.80%
18%,TX-601,,,,,,,17.80%
18%,NH-500,,,,,,,17.80%
18%,MD-510,,,,17.80%,,,
18%,TX-503,,,,,,17.80%,
18%,ME-500,,,,17.80%,,,
18%,MI-518,17.80%,,,,,,
18%,TN-502,17.80%,,,,,,
18%,NY-511,,,,,17.80%,,
18%,ND-500,,17.80%,,,,,
18%,NC-502,,,,17.80%,,,
18%,VA-508,,,17.90%,,,,
18%,PA-505,,17.90%,,,,,
18%,NJ-503,,,17.90%,,,,
18%,MD-503,,,17.90%,,,,
18%,PA-510,,,,,,17.90%,
18%,NY-516,17.90%,,,,,,
18%,NH-502,,17.90%,,,,,
18%,MD-510,,,,,17.90%,,
18%,CA-502,,18.00%,,,,,
18%,FL-509,,,,,,18.00%,
18%,MD-506,,,,,18.00%,,
18%,FL-515,,,18.00%,,,,
18%,CT-505,,,,,,,18.00%
18%,FL-504,18.00%,,,,,,
18%,ND-500,,,18.00%,,,,
18%,AR-500,,18.00%,,,,,
18%,MD-505,18.00%,,,,,,
18%,MI-517,,,,,18.00%,,
18%,NC-506,18.00%,,,,,,
18%,FL-605,,,18.10%,,,,
18%,UT-503,,18.10%,,,,,
18%,AZ-502,18.10%,,,,,,
18%,PA-504,,,,,,,18.10%
18%,KS-503,,,,,,18.10%,
18%,NY-512,,,,,,18.10%,
18%,CA-602,,,,,,18.10%,
18%,OK-502,,,,18.10%,,,
18%,SC-503,,,,18.10%,,,
18%,IL-519,,,,18.10%,,,
18%,TN-502,,,,,18.20%,,
18%,VA-505,,,,,,18.20%,
18%,MN-509,,,,,,,18.20%
18%,CA-510,,,18.20%,,,,
18%,MD-510,,,18.20%,,,,
18%,MI-518,,,,,,18.20%,
18%,NC-509,,,,,,18.20%,
18%,AZ-500,,,,18.20%,,,
18%,TN-501,,,,,,18.20%,
18%,NM-500,,,,18.20%,,,
18%,MI-500,18.20%,,,,,,
18%,NC-503,,,,18.20%,,,
18%,WA-502,,,,,18.20%,,
18%,CT-503,,,,18.20%,,,
18%,AR-508,,,18.30%,,,,
18%,KS-502,,,,,,,18.30%
18%,CA-500,,,,18.30%,,,
18%,SC-502,18.30%,,,,,,
18%,GA-503,,,18.30%,,,,
18%,OH-501,18.30%,,,,,,
18%,AR-501,,18.30%,,,,,
18%,IL-501,,,,,,,18.30%
18%,GA-500,,,,18.30%,,,
18%,SC-502,,,,,,,18.30%
18%,PA-506,,,,,,18.30%,
18%,IA-501,,,18.30%,,,,
18%,VA-508,,,,,18.30%,,
18%,HI-501,,,,18.30%,,,
18%,NY-602,,,,,,,18.30%
18%,OR-500,,,18.30%,,,,
18%,CA-518,,18.30%,,,,,
18%,AR-500,18.30%,,,,,,
18%,OH-501,,,,,18.30%,,
18%,NH-502,,,,,,18.30%,
18%,MO-600,,,,,18.30%,,
18%,CA-507,,,,,,18.30%,
18%,WA-504,,,,,,,18.30%
18%,SC-503,18.40%,,,,,,
18%,NY-603,18.40%,,,,,,
18%,GA-507,,,,,,,18.40%
18%,ND-500,18.40%,,,,,,
18%,MD-505,,,,,,,18.40%
18%,TX-604,,,,,,18.40%,
18%,NC-509,,18.40%,,,,,
18%,NY-512,,,,,,,18.40%
18%,FL-514,18.40%,,,,,,
18%,KY-502,,,,,,,18.40%
18%,WI-502,,,,,18.40%,,
18%,OR-500,,,,,18.40%,,
18%,IL-519,,,,,,,18.40%
18%,GA-508,,18.40%,,,,,
18%,GA-500,,,18.40%,,,,
18%,FL-501,,,,,18.50%,,
18%,MI-509,,,18.50%,,,,
18%,MN-501,,,,,18.50%,,
18%,WI-502,,,,,,18.50%,
18%,AZ-500,,18.50%,,,,,
18%,MI-517,,,,18.50%,,,
18%,KS-507,,,,,18.50%,,
18%,MI-506,,,,,,,18.50%
19%,MI-506,,,,18.50%,,,
19%,PA-506,,,,,18.50%,,
19%,VA-521,,18.50%,,,,,
19%,AL-505,,18.50%,,,,,
19%,NY-503,,18.50%,,,,,
19%,PA-508,,,,18.50%,,,
19%,FL-605,,,,,18.60%,,
19%,NH-501,,18.60%,,,,,
19%,CA-608,,,,,,,18.60%
19%,VA-501,,,,,,18.60%,
19%,MI-509,,,,,18.60%,,
19%,CT-505,,,,,18.60%,,
19%,NC-500,,,,,,,18.60%
19%,LA-503,18.60%,,,,,,
19%,GA-506,18.60%,,,,,,
19%,NC-504,,,,,18.60%,,
19%,VA-602,,,,18.60%,,,
19%,VA-501,,,,,,,18.60%
19%,NC-502,18.60%,,,,,,
19%,TN-509,18.60%,,,,,,
19%,KS-507,,,,18.60%,,,
19%,OH-507,18.70%,,,,,,
19%,CA-502,,,18.70%,,,,
19%,IL-514,,18.70%,,,,,
19%,TX-603,,18.70%,,,,,
19%,NC-504,,,,,,,18.70%
19%,IN-503,,18.70%,,,,,
19%,OK-500,,18.70%,,,,,
19%,FL-605,,,,18.70%,,,
19%,AR-505,,18.80%,,,,,
19%,MD-502,,,18.80%,,,,
19%,TX-601,,,,,,18.80%,
19%,WA-500,,,,,18.80%,,
19%,FL-504,,,,18.80%,,,
19%,OH-507,,,,,18.80%,,
19%,CA-503,,,,18.80%,,,
19%,CA-502,,,,,,,18.80%
19%,IN-502,,18.80%,,,,,
19%,NC-501,,,,18.80%,,,
19%,CA-609,18.80%,,,,,,
19%,VA-603,,,,,,,18.90%
19%,OH-506,,,18.90%,,,,
19%,NY-603,,,,,18.90%,,
19%,OH-506,,18.90%,,,,,
19%,OH-507,,,,,,,18.90%
19%,GU-500,,18.90%,,,,,
19%,NY-518,,,,,18.90%,,
19%,MD-601,,,,,,,18.90%
19%,NJ-503,,,,18.90%,,,
19%,PA-605,,,,,,,18.90%
19%,ME-500,,,,,,,18.90%
19%,IN-502,19.00%,,,,,,
19%,TX-701,19.00%,,,,,,
19%,MI-503,,19.00%,,,,,
19%,OK-501,,,19.00%,,,,
19%,CA-502,19.00%,,,,,,
19%,TN-501,,,,19.00%,,,
19%,AR-503,19.00%,,,,,,
19%,MD-505,,19.00%,,,,,
19%,OR-503,19.00%,,,,,,
19%,VA-514,,,,,,,19.00%
19%,PA-505,,,19.00%,,,,
19%,PA-512,,,,,19.00%,,
19%,MN-509,,,,19.00%,,,
19%,OH-506,,,,,,,19.00%
19%,AL-506,19.00%,,,,,,
19%,OR-500,19.00%,,,,,,
19%,TX-607,19.10%,,,,,,
19%,GA-507,,,,,19.10%,,
19%,CA-509,,19.10%,,,,,
19%,OH-504,19.10%,,,,,,
19%,PA-600,,,,,,,19.10%
19%,DC-500,,,,19.10%,,,
19%,MI-506,,,,,19.10%,,
19%,NY-604,,,19.10%,,,,
19%,WA-502,,,,,,19.10%,
19%,HI-501,,19.10%,,,,,
19%,NY-513,,,,,19.10%,,
19%,NJ-508,19.10%,,,,,,
19%,TX-503,,,,19.10%,,,
19%,PA-500,,,,,,19.20%,
19%,NJ-506,,19.20%,,,,,
19%,NJ-500,,,,19.20%,,,
19%,OK-504,,,,,,,19.20%
19%,FL-511,,,,19.20%,,,
19%,PR-502,,,,,19.20%,,
19%,SD-500,,,19.20%,,,,
19%,HI-500,19.20%,,,,,,
19%,NY-514,19.20%,,,,,,
19%,IN-503,,,19.20%,,,,
19%,FL-511,,,,,19.20%,,
19%,VA-514,,,19.30%,,,,
19%,NY-512,,,19.30%,,,,
19%,MI-523,19.30%,,,,,,
19%,MN-509,,,,,19.30%,,
19%,VA-503,,,,,19.30%,,
19%,SD-500,,,,,19.30%,,
19%,TX-611,,,,,,,19.30%
19%,NM-500,,,,,19.30%,,
19%,TX-601,,,19.30%,,,,
19%,NJ-500,,,,,,19.30%,19.30%
19%,CA-521,,,,,19.30%,,
19%,NC-506,,,,,,19.30%,
19%,IL-520,,,19.30%,,,,
19%,CA-509,,,,,,19.40%,
19%,OH-500,,,,,,,19.40%
19%,CA-509,,,,19.40%,,,
19%,AR-500,,,,,19.40%,,
19%,CA-522,,,,,,19.40%,
19%,IL-514,,,,,19.40%,,
19%,IA-501,,,,,19.40%,,
19%,CA-608,,,,19.40%,,,
19%,CA-506,,,,,,19.40%,
19%,NH-501,19.40%,,,,,,
19%,MI-503,19.40%,,,,,,
19%,NC-513,,,,19.40%,,,
19%,MO-604M,,,,,19.50%,,
19%,CA-500,,,,,,,19.50%
19%,CA-504,,,,,,19.50%,
19%,MI-504,,,,19.50%,,,
20%,IA-501,,19.50%,,,,,
20%,AL-503,,,,,,19.50%,
20%,MS-501,,19.50%,,,,,
20%,NY-604,,,,,19.50%,,
20%,NE-500,19.50%,,,,,,
20%,PR-503,,,,19.50%,,,
20%,RI-500,19.50%,,,,,,
20%,WV-500,,,,,,19.50%,
20%,GA-500,,19.60%,,,,,
20%,CA-504,,,19.60%,,,,
20%,PA-505,,,,19.60%,,,
20%,WA-508,,,,,,,19.60%
20%,CT-503,,,19.60%,,,,
20%,NE-500,,,,,,19.60%,
20%,RI-500,,19.60%,,,,,
20%,NY-516,,19.60%,,,,,
20%,MI-518,,19.60%,,,,,
20%,NH-500,,,19.60%,,,,
20%,PA-503,,19.60%,,,,,
20%,IL-500,,19.60%,,,,,
20%,IL-506,,,,,,19.60%,
20%,MI-515,,,19.70%,,,,
20%,IN-502,,,19.70%,,,,
20%,GA-507,,,,19.70%,,,
20%,NM-500,,,19.70%,,,,
20%,MN-509,,,19.70%,,,,
20%,FL-513,,,,19.70%,,,
20%,MI-514,,,,,,,19.70%
20%,AL-505,,,,,,,19.70%
20%,MI-517,,,19.70%,,,,
20%,PR-502,,,,19.80%,,,
20%,PA-503,,,,,,,19.80%
20%,CA-503,,,,,,,19.80%
20%,NC-504,,,19.80%,,,,
20%,MI-511,,,19.80%,,,,
20%,GA-500,,,,,19.90%,,
20%,SD-500,,,,19.90%,,,
20%,IN-503,,,,19.90%,,,
20%,CT-503,,19.90%,,,,,
20%,CT-503,,,,,20.00%,,
20%,MI-501,,,,,,,20.00%
20%,TX-700,,,,,,,20.00%
20%,KS-502,20.00%,,,,,,
20%,AR-505,20.00%,,,,,,
20%,MD-506,,20.00%,20.00%,,,,
20%,NC-516,,20.00%,,,,20.00%,
20%,VA-600,,20.00%,,,,,
20%,VA-603,,,,20.00%,,,
20%,CA-512,,,,,20.00%,,
20%,KY-501,,,,,,20.00%,
20%,NH-500,,,,20.00%,,,
20%,MI-501,,,,,20.00%,,
20%,NC-501,20.10%,,,,,,
20%,CA-504,,,,20.10%,,,
20%,MN-500,,,20.10%,,,,
20%,AK-500,,,,20.10%,,,
20%,NY-514,,,,,,20.10%,
20%,MO-501,20.10%,,,,,,
20%,CA-604,20.10%,,,,,,
20%,NJ-502,,,,,,20.10%,
20%,MI-500,,20.10%,,,,,
20%,FL-507,,,20.20%,,,,
20%,OH-508,,,,20.20%,,,
20%,TN-504,,,,,20.20%,,
20%,NC-505,,,20.20%,,,,
20%,MN-500,20.20%,,,,,,
20%,NY-513,,,,,,20.20%,
20%,MI-509,,,,20.20%,,,
20%,AK-501,20.20%,,,,,,
20%,MI-501,,,,20.20%,,,
20%,TX-500,,,,,,,20.20%
20%,CA-512,20.30%,,,,,,
20%,MI-514,,,,,,20.30%,
20%,VT-501,,20.30%,,,,,
20%,OH-507,,,,,,20.30%,
20%,IL-510,20.30%,,,,,,
20%,CA-500,,20.30%,,,,,
20%,GA-504,,20.30%,,,,,
20%,CA-504,,,,,20.30%,,
20%,MI-506,,,20.30%,,,,
20%,WI-502,,,,20.30%,,,
20%,WV-508,,20.30%,,,,,
20%,CA-521,,,20.30%,,,,
20%,ND-500,,,,,20.30%,,
20%,WA-508,,,,,20.40%,,
20%,MN-506,,,,,,20.40%,
20%,FL-603,20.40%,,,,,,
20%,NC-516,20.40%,,,,,,
20%,OK-504,,,20.40%,,,,
20%,OK-506,,,20.40%,,,,
20%,CA-503,,20.40%,,,,,
20%,NY-602,,20.40%,,,,,
20%,FL-509,,,,,20.40%,,
20%,NY-508,,,20.40%,,,,
20%,WV-508,20.40%,,,,,,
20%,FL-504,,,,,20.40%,,
20%,NC-513,20.40%,,,,,,
20%,CA-503,,,,,20.40%,,
20%,NC-506,,,,20.40%,,,
20%,WI-500,,20.40%,,,,,
20%,NY-510,,,20.40%,,,,
20%,WA-503,,,,,20.50%,,
20%,OH-501,,,,,,20.50%,
20%,PA-500,,,,,,,20.50%
20%,FL-501,,20.50%,,,,,
20%,WV-501,,,20.50%,,,,
20%,MI-517,20.50%,,,,,,
20%,CT-503,,,,,,,20.50%
20%,CA-515,,,,,,,20.50%
21%,CA-608,20.50%,,,,,,
21%,CA-500,,,,,20.50%,,
21%,IA-501,,,,20.50%,,,
21%,CO-504,20.50%,,,,,,
21%,CA-608,,,20.60%,,,,
21%,MI-515,,,,20.60%,,,
21%,MN-506,,,,,20.60%,,
21%,OH-506,20.60%,,,,,,
21%,MD-513,,,,20.60%,,,
21%,NE-502,,20.60%,,,,,
21%,VT-501,,,20.60%,,,,
21%,OR-503,,,20.60%,,,,
21%,WV-508,,,,,20.60%,,
21%,MI-515,,,,,,,20.60%
21%,PA-505,20.60%,,,,,,
21%,PA-504,,,20.60%,,,,
21%,NC-507,20.60%,,,,,,
21%,NY-601,,20.60%,,,,,
21%,TX-603,,,,20.70%,,,
21%,MI-506,,,,,,20.70%,
21%,TX-600,,,,,,20.70%,
21%,NY-606,,,,,20.70%,,
21%,IL-506,,,20.70%,,,,
21%,RI-500,,,20.70%,,,,
21%,MD-503,,,,20.70%,,,
21%,NY-601,,,,,,20.70%,
21%,MD-509,,20.80%,,,,,
21%,IA-502,,20.80%,,,,,
21%,VA-500,20.80%,,,,,,
21%,NY-600,,,,,,20.80%,
21%,OR-503,,20.80%,,,,,
21%,NY-512,,,,,20.80%,,
21%,WV-508,,,,,,20.80%,
21%,OH-504,,,,20.90%,,,
21%,MA-506,,,20.90%,,,,
21%,AL-504,,,20.90%,,,,
21%,OR-501,,,,,,,20.90%
21%,CA-513,,,,,20.90%,,
21%,SC-500,,,,,,20.90%,
21%,CA-500,20.90%,,,,,,
21%,VI-500,,,20.90%,,,,
21%,OK-505,,,,,,21.00%,
21%,CT-503,,,,,,21.00%,
21%,HI-501,21.00%,,,,,,
21%,WI-503,21.00%,,,,,,
21%,IL-507,,,,,,,21.00%
21%,NJ-506,,,,21.00%,,,
21%,NE-500,,,,,,,21.00%
21%,CA-608,,,,,21.00%,,
21%,VA-604,,,21.00%,,,,
21%,IL-501,,,,21.00%,,,
21%,IL-507,,21.00%,,,,,
21%,WI-500,21.00%,,,,,,
21%,CA-608,,21.00%,,,,,
21%,AL-501,21.00%,,,,,,
21%,IL-508,,,21.10%,,,,
21%,LA-500,21.10%,,,,,,
21%,PA-605,,,,,21.10%,,
21%,IA-501,21.10%,,,,,,
21%,WY-500,,,,,,21.10%,
21%,NJ-509,,,,,,,21.10%
21%,WA-508,,21.10%,,,,,
21%,FL-506,,21.10%,,,,,
21%,KS-507,,,21.10%,,,,
21%,FL-507,,21.10%,,,,,
21%,IL-519,,21.10%,,,,,
21%,NE-502,,,21.10%,,,,
21%,HI-500,,,,,21.10%,,
21%,IL-502,,21.20%,,,,,
21%,KY-502,,,21.20%,,,,
21%,MI-513,,21.20%,,,,,
21%,HI-500,,,,21.20%,,,
21%,MI-503,,,21.20%,,,,
21%,VA-514,,,,21.20%,,,
21%,VA-504,,21.20%,,,,,
21%,TX-603,,,21.20%,,,,
21%,PA-605,,,,,,21.20%,
21%,NE-502,,,,21.20%,,,
21%,FL-507,21.20%,,,,,,
21%,CA-512,,,,,,21.20%,
21%,MN-500,,21.20%,,,,,
21%,IN-503,21.20%,,,,,,
21%,IL-502,,,,21.20%,,,
21%,IL-514,21.20%,,,,,,
21%,HI-501,,,21.20%,,,,
21%,AR-503,,,,21.30%,,,
21%,NV-501,,,,,,,21.30%
21%,NJ-506,,,21.30%,,,,
21%,NY-600,,,,21.30%,,,
21%,CA-507,,21.30%,,,,,
21%,RI-500,,,,,,21.30%,
21%,KS-502,,,21.30%,,,,
21%,MD-506,,,,,,21.40%,
21%,CA-513,,21.40%,,,,,
21%,MD-503,,21.40%,,,,,
21%,CA-517,,,,,,21.40%,
21%,OK-501,,,,,,,21.40%
21%,NC-500,,,,,,21.40%,
21%,TX-603,,,,,,,21.40%
21%,AR-508,,,,,21.40%,,
21%,WY-500,,,,,,,21.40%
21%,OR-500,,,,,,21.40%,
21%,MI-501,,,,,,21.50%,
21%,TN-501,,,,,21.50%,,
21%,CA-517,,,,,21.50%,,
21%,PA-511,21.50%,,,,,,
21%,IL-510,,,,21.50%,,,
21%,NH-501,,,,,,21.50%,
22%,VA-514,,,,,21.50%,,
22%,FL-605,,,,,,21.50%,
22%,CT-505,,,,21.50%,,,
22%,NC-506,,,,,,,21.50%
22%,OK-505,21.60%,,,,,,
22%,CO-504,,,,,,21.60%,
22%,TN-503,,,,,,21.60%,
22%,MI-508,,,,,21.60%,,
22%,PA-503,,,,,21.60%,,
22%,CO-504,,,21.60%,,,,
22%,OH-508,,,,,,,21.60%
22%,FL-508,,,21.70%,,,,
22%,OH-500,,,,,,21.70%,
22%,DE-500,,,21.70%,,,,
22%,CA-604,,,21.70%,,,,
22%,WV-508,,,,,,,21.70%
22%,TX-700,,,21.70%,,,,
22%,TX-604,,,,,,,21.70%
22%,NC-505,,,,,21.70%,,
22%,DE-500,,21.70%,,,,,
22%,CO-504,,21.70%,,,,,
22%,MD-513,,,,,,21.70%,
22%,NY-508,21.70%,,,,,,
22%,NY-508,,,,,,,21.70%
22%,IA-501,,,,,,,21.70%
22%,NV-501,,,,,,21.80%,
22%,PA-512,,,,21.80%,,,
22%,TN-510,21.80%,21.80%,,,,,
22%,CA-501,,21.80%,,,,,
22%,NC-500,,21.80%,,,,,
22%,VA-601,,,,,,,21.80%
22%,OH-500,,,,,21.90%,,
22%,MA-509,,,,,,21.90%,
22%,MD-513,,,,,,,21.90%
22%,FL-503,,,21.90%,,,,
22%,WA-500,,,,,,21.90%,
22%,NC-507,,,,,,,21.90%
22%,CA-513,,,,,,21.90%,
22%,CT-503,21.90%,,,,,,
22%,NY-601,,,21.90%,,,,
22%,OH-506,,,,,,21.90%,
22%,MI-507,,,,,,21.90%,
22%,ME-500,,,21.90%,,,,
22%,TX-600,,,,,,,21.90%
22%,MI-515,,21.90%,,,,,
22%,OK-501,,,,,,21.90%,
22%,NH-500,,,,,,21.90%,
22%,KS-507,22.00%,,,,,,
22%,IL-510,,,,,,,22.00%
22%,AZ-500,22.00%,,,,,,
22%,CA-603,,,,,22.00%,,
22%,AK-500,,,,,,22.00%,
22%,OH-504,,22.00%,,,,,
22%,NY-507,,,,,,22.00%,
22%,WV-503,,,,,22.00%,,
22%,TX-500,22.00%,,,,,,
22%,IL-506,,,,,,,22.00%
22%,NY-508,,22.00%,,,,,
22%,CO-503,22.00%,,,,,,
22%,CA-515,,,,,22.00%,,
22%,SC-502,,,,,,22.00%,
22%,FL-507,,,,,,22.10%,
22%,NV-500,22.10%,,,,,,
22%,FL-507,,,,,,,22.10%
22%,NY-507,,,,22.10%,,,
22%,NY-608,,,,,,,22.10%
22%,IL-510,,,,,,22.10%,
22%,WI-500,,,,,,,22.10%
22%,IL-507,,,,22.10%,,,
22%,MI-505,,,,,22.10%,,
22%,NM-500,22.10%,,,,,,
22%,WI-503,,,22.10%,,,,
22%,CT-505,,,22.10%,,,,
22%,FL-515,,22.10%,,,,,
22%,CA-513,,,22.10%,,,,
22%,IL-507,,,,,22.10%,,
22%,TX-601,,,,22.10%,,,
22%,NC-507,,22.10%,,,,,
22%,LA-502,,,,,,22.20%,
22%,WV-500,,22.20%,,,,,
22%,CA-603,,,,22.20%,,,
22%,FL-605,,,,,,,22.20%
22%,TX-500,,22.20%,,,,,
22%,NY-508,,,,22.20%,,,
22%,CA-513,,,,,,,22.20%
22%,CA-514,22.20%,,,,,,
22%,IL-518,,,,22.20%,,,
22%,MI-517,,,,,,22.20%,
22%,NY-601,,,,,22.20%,,
22%,UT-503,,,,22.20%,,,
22%,NM-500,,,,,,,22.20%
22%,VA-502,,,,22.20%,,,
22%,CA-524,,,,,,,22.30%
22%,LA-509,,22.30%,,,,,
22%,LA-502,,,,22.30%,,,
22%,DE-500,,,,,,22.30%,
22%,NY-600,,,,,22.30%,,
22%,AL-501,,22.30%,,,,,
22%,KS-507,,22.30%,,,,,
22%,MI-506,22.30%,,,,,,
22%,CA-613,,22.30%,,,,,
22%,CA-510,,,,,,,22.40%
22%,NH-502,22.40%,,,,,,
22%,OH-500,,,,22.40%,,,
22%,MI-523,,,,,,22.40%,
22%,CA-522,22.40%,,,,,,
22%,CA-608,,,,,,22.40%,
22%,WA-508,,,22.40%,,,,
22%,WV-500,22.40%,,,,,,
22%,NY-508,,,,,,22.50%,
22%,NV-500,,22.50%,,,,,
22%,GA-507,22.50%,,,,,,
22%,NE-502,22.50%,,,,,,
23%,CA-503,,,,,,22.50%,
23%,WA-503,,,,,,,22.50%
23%,CA-603,22.50%,,,,,,
23%,NJ-506,22.50%,,,,,,
23%,MI-505,,22.60%,,,,,
23%,CA-509,,,,,,,22.60%
23%,FL-513,,,,,,,22.60%
23%,PA-512,,,22.60%,,,,
23%,OH-500,,22.60%,,,,,
23%,NY-608,,22.60%,,,,,
23%,NC-516,,,22.60%,,,,
23%,WI-503,,22.60%,,,,,
23%,WV-508,,,,22.60%,,,
23%,NV-500,,,,22.60%,,,
23%,CA-511,,,,,,,22.70%
23%,UT-504,,,,,22.70%,,
23%,WA-503,,,,,,22.70%,
23%,AZ-501,,,,,,,22.70%
23%,MA-502,,,,,22.70%,,
23%,AL-501,,,22.70%,,,,
23%,CO-504,,,,,22.70%,,
23%,MA-511,22.80%,,,,,,
23%,NJ-506,,,,,22.80%,,
23%,AR-503,,,,,,22.80%,
23%,CA-517,,,,,,,22.80%
23%,AR-503,,,,,22.90%,,
23%,IN-503,,,,,22.90%,,
23%,IL-513,22.90%,,,,,,
23%,RI-500,,,,,,,22.90%
23%,FL-507,,,,,22.90%,,
23%,NC-504,,,,,,22.90%,
23%,TX-601,,22.90%,,,,,
23%,MO-604K,,22.90%,,,,,
23%,OH-504,,,,,22.90%,,
23%,NY-500,,,,,,,23.00%
23%,SC-502,,,23.00%,,,,
23%,MI-513,,,,,23.00%,,
23%,MI-505,,,,23.00%,,,
23%,WV-508,,,23.00%,,,,
23%,MI-517,,23.00%,,,,,
23%,MI-508,,,,,,,23.00%
23%,CT-505,,,,,,23.00%,
23%,NC-507,,,,,23.00%,,
23%,CA-613,,,,,,23.00%,
23%,NC-509,,,,23.00%,,,
23%,MD-601,,23.00%,,,,,
23%,IL-510,,,23.00%,,,,
23%,CA-507,,,23.10%,,,,
23%,TN-502,,,23.10%,,,,
23%,FL-507,,,,23.10%,,,
23%,FL-508,,,,23.10%,,,
23%,NY-600,,,23.10%,,,,
23%,IN-500,,23.10%,,,,,
23%,IA-501,,,,,,23.10%,
23%,NY-507,,,,,23.10%,,
23%,VA-603,23.10%,,,,,,
23%,OR-503,,,,23.10%,,,
23%,CO-504,,,,23.10%,,,
23%,PA-503,,,,,,23.10%,
23%,IL-510,,23.10%,,,,,
23%,MI-511,23.10%,,,,,,
23%,NC-509,,,,,23.10%,,
23%,NC-500,,,,,23.10%,,
23%,OK-501,,,,,23.10%,,
23%,VA-514,,23.20%,,,,,
23%,NC-504,23.20%,,,,,,
23%,AZ-501,,23.20%,,,,,
23%,DE-500,,,,23.20%,,,
23%,FL-518,,,,23.20%,,,
23%,DE-500,23.20%,,,,,,
23%,GA-500,,,,,,23.20%,
23%,LA-502,23.20%,,,,,,
23%,OK-501,,,,23.30%,,,
23%,CA-601,,,,,23.30%,,
23%,NY-500,23.30%,,,,,,
23%,NH-500,,,,,23.30%,,
23%,MA-506,,23.30%,,,,,
23%,VA-500,,23.30%,,,,,
23%,WA-508,23.30%,,,,,,
23%,OH-500,,,23.30%,,,,
23%,IL-514,,,,23.40%,,,
23%,FL-600,23.40%,,,,,,
23%,WI-503,,,,23.40%,,,
23%,WY-500,,,,,23.40%,,
23%,NV-500,,,23.40%,,,,
23%,TX-603,,,,,23.40%,,
23%,PA-504,,,,,,23.40%,
23%,MI-506,,23.50%,,,,,
23%,WI-500,,,23.50%,,,,
23%,CO-503,,23.50%,,,,,
23%,KS-502,,,,,23.50%,,
23%,MI-517,,,,,,,23.50%
23%,CA-601,,,,,,,23.50%
23%,CT-505,,23.50%,,,,,
24%,AR-501,23.50%,,,,,,
24%,AL-500,,,,,,,23.50%
24%,ME-500,,23.50%,,,,,
24%,PA-506,,,,23.50%,,,
24%,PA-605,,23.60%,,,,,
24%,FL-600,,,,,,,23.60%
24%,LA-502,,,23.60%,,,,
24%,KY-502,,,,23.60%,,,
24%,MN-500,,,,23.60%,,,
24%,AK-500,,,23.60%,,,,
24%,SC-502,,23.60%,,,,,
24%,PA-505,,,,,23.70%,,
24%,CA-603,,,23.70%,,,,
24%,GA-505,,23.70%,,,,,
24%,LA-500,,,,,23.70%,,
24%,WV-501,,23.70%,,,,,
24%,CA-500,,,,,,23.70%,
24%,VA-603,,,,,23.70%,,
24%,VA-602,,,,,,,23.70%
24%,NC-505,,,,23.70%,,,
24%,FL-518,,,,,23.80%,,
24%,WI-501,,,,,,,23.80%
24%,IN-502,,,,,,,23.80%
24%,FL-512,,,,,,23.80%,
24%,CA-518,23.80%,,,,,,
24%,AZ-502,,23.80%,,,,,
24%,IL-516,,,,,23.80%,,
24%,KY-501,,,,23.80%,,,
24%,MI-512,,23.80%,,,,,
24%,FL-508,,,,,,23.80%,
24%,OH-505,,23.80%,,,,,
24%,IN-500,23.80%,,,,,,
24%,OH-505,23.90%,,,,,,
24%,KY-501,,,,,,,23.90%
24%,TX-700,,,,23.90%,,,
24%,CA-523,,,,,,,23.90%
24%,NC-507,,,,,,23.90%,
24%,TX-700,,,,,23.90%,,
24%,KS-502,,,,,,23.90%,
24%,MI-519,,,,,,,23.90%
24%,NY-510,,,,,,,23.90%
24%,ME-500,23.90%,,,,,,
24%,TX-611,23.90%,,,,,,
24%,IL-501,,,,,,24.00%,
24%,MA-506,24.00%,,,,,,
24%,VA-503,,,,,,24.00%,
24%,PA-506,,,,,,,24.00%
24%,WV-501,,,,,,,24.00%
24%,NY-511,,,,,,24.00%,
24%,MN-500,,,,,,,24.00%
24%,CT-505,24.00%,,,,,,
24%,TX-500,,,,,,24.00%,
24%,IL-517,,24.00%,,,,,
24%,TX-624,,,,,24.00%,,
24%,FL-500,,,,,24.00%,,
24%,CA-513,,,,24.00%,,,
24%,NY-608,,,,,,24.00%,
24%,NV-500,,,,,24.00%,,
24%,FL-500,,,24.00%,,,,
24%,TX-601,,,,,24.10%,,
24%,OR-501,,,,,,24.10%,
24%,OH-505,,,24.10%,,,,
24%,UT-503,,,,,24.10%,,
24%,FL-508,,,,,,,24.10%
24%,UT-503,,,24.10%,,,,
24%,MI-518,,,24.20%,,,,
24%,MI-512,,,,,24.20%,,
24%,AK-500,,,,,24.20%,,
24%,NY-608,,,,24.20%,,,
24%,ND-500,,,,,,,24.20%
24%,WY-500,,,,24.30%,,,
24%,PA-510,,,,24.30%,,,
24%,IL-502,,,,,,,24.30%
24%,OH-504,,,,,,24.30%,
24%,OH-506,,,,,24.30%,,
24%,FL-500,,24.30%,,,,,
24%,PA-605,,,,24.30%,,,
24%,NE-501,24.30%,,,,,,
24%,VA-601,,,,,24.40%,,
24%,AZ-501,24.40%,,,,,,
24%,TX-700,,,,,,24.40%,
24%,TX-603,,,,,,24.40%,
24%,RI-500,,,,,24.40%,,
24%,VA-602,,,,,24.40%,,
24%,IN-503,,,,,,,24.40%
24%,FL-604,,,24.40%,,,,
24%,WV-501,,,,24.50%,,,
24%,MO-604M,,,,24.50%,,,
24%,FL-500,,,,,,24.50%,
24%,FL-503,24.50%,,,,,,
25%,TX-604,,24.50%,,,,,
25%,NC-500,24.50%,,,,,,
25%,FL-600,,,,,24.50%,,
25%,PR-502,,,,,,,24.50%
25%,NV-500,,,,,,,24.50%
25%,FL-512,,,,,24.50%,,
25%,MN-500,,,,,,24.60%,
25%,ND-500,,,,24.60%,,,
25%,CA-613,,,,24.60%,,,
25%,TX-500,,,24.60%,,,,
25%,CA-613,,,,,,,24.60%
25%,WA-508,,,,,,24.60%,
25%,NC-505,,,,,,,24.70%
25%,CA-510,,,,24.70%,,,
25%,IL-517,,,,,,,24.70%
25%,NY-602,,,,,,24.70%,
25%,MD-513,24.70%,,,,,,
25%,SD-500,,,,,,24.70%,
25%,OR-501,24.70%,,,,,,
25%,VA-500,,,,24.70%,,,
25%,VA-600,24.70%,,,,,,
25%,IN-503,,,,,,24.80%,
25%,NY-608,,,24.80%,,,,
25%,NM-500,,,,,,24.80%,
25%,CA-511,,24.80%,,,,,
25%,NJ-506,,,,,,24.80%,
25%,MI-505,24.80%,,,,,,
25%,RI-500,,,,24.90%,,,
25%,TX-500,,,,24.90%,,,
25%,WI-501,,,,,24.90%,,
25%,IA-502,,,24.90%,,,,
25%,NE-502,,,,,,,24.90%
25%,NH-500,24.90%,,,,,,
25%,OR-503,,,,,24.90%,,
25%,VA-601,,,,24.90%,,,
25%,WI-500,,,,25.00%,,,
25%,NC-506,,,25.00%,,,,
25%,NY-510,,,,25.00%,,,
25%,NY-514,,,,,,,25.00%
25%,OR-504,,,,25.00%,,,
25%,NC-505,,,,,,25.00%,
25%,CA-511,,,25.00%,,,,
25%,NY-603,,,,,,25.00%,
25%,NY-608,25.00%,,,,,,
25%,MD-505,,,,,25.00%,,
25%,MI-519,,,,,,25.00%,
25%,OH-504,,,25.00%,,,,
25%,NY-500,,,25.10%,,,,
25%,CA-511,,,,,,25.10%,
25%,FL-500,,,,,,,25.10%
25%,AL-504,25.10%,,,,,,
25%,AZ-502,,,25.10%,,,,
25%,VA-604,25.10%,,,,,,
25%,CO-500,,25.10%,,,,,
25%,KS-502,,25.10%,,,,,
25%,TX-500,,,,,25.20%,,
25%,WV-500,,,,,25.20%,,
25%,FL-600,,,,,,25.20%,
25%,NV-501,,,,,25.20%,,
25%,PA-512,,25.20%,,,,,
25%,IL-502,,,,,25.20%,,
25%,NY-508,,,,,25.20%,,
25%,TX-611,,25.20%,,,,,
25%,NY-500,,,,25.20%,,,
25%,NE-502,,,,,25.30%,,
25%,PR-502,,,,,,25.30%,
25%,AZ-501,,,,,,25.30%,
25%,CO-504,,,,,,,25.30%
25%,IL-506,,,,,25.30%,,
25%,OH-508,,,,,25.30%,,
25%,OR-500,,,,25.30%,,,
25%,MI-507,,,,,25.30%,,
25%,FL-512,25.30%,,,,,,
25%,OR-501,,,,,25.30%,,
25%,OH-505,,,,25.40%,,,
25%,ND-500,,,,,,25.40%,
25%,VA-601,25.40%,,,,,,
25%,MD-513,,,25.40%,,,,
25%,VA-502,,,,,25.40%,,
25%,WV-503,25.40%,,,,,,
25%,SC-502,,,,25.40%,,,
25%,FL-600,,25.40%,,,,,
25%,WV-501,,,,,,25.50%,
25%,MI-512,,,25.50%,,,,
25%,MD-506,,,,,,,25.50%
25%,OH-500,25.50%,,,,,,
26%,MS-500,,,,,,,25.50%
26%,GA-500,25.60%,,,,,,
26%,NY-505,25.60%,,,,,,
26%,FL-518,,,,,,25.60%,
26%,AZ-502,,,,,,,25.60%
26%,PA-605,25.60%,,,,,,
26%,OH-508,,,,,,25.60%,
26%,TN-500,,,,25.60%,,,
26%,NY-601,,,,,,,25.60%
26%,DE-500,,,,,25.60%,,
26%,TN-509,,25.60%,,,,,
26%,VA-601,,,25.70%,,,,
26%,TN-510,,,25.70%,,,,
26%,NY-501,,,,,,25.80%,
26%,CA-515,,25.80%,,,,,
26%,OH-505,,,,,,,25.80%
26%,IL-510,,,,,25.90%,,
26%,GA-507,,25.90%,,,,,
26%,MI-515,,,,,,25.90%,
26%,CA-503,,,25.90%,,,,
26%,UT-503,,,,,,25.90%,
26%,IL-506,,,,25.90%,,,
26%,FL-508,,,,,25.90%,,
26%,KY-501,,,,,26.00%,,
26%,IL-502,26.00%,,,,,,
26%,IL-517,,,,,26.00%,,
26%,CA-601,26.00%,,,,,,
26%,MN-500,,,,,26.00%,,
26%,CA-510,,,,,26.00%,,
26%,AL-500,,,,,26.00%,,
26%,IA-502,,,,,,,26.00%
26%,AR-501,,,,26.10%,,,
26%,VA-500,,,26.10%,,,,
26%,PA-504,,,,26.10%,,,
26%,WV-503,,,,26.10%,,,
26%,CA-603,,26.20%,,,,,
26%,MD-505,,,,,,26.20%,
26%,AZ-501,,,,26.20%,,,
26%,FL-512,,,,,,,26.20%
26%,MI-515,26.20%,,,,,,
26%,LA-508,,26.20%,,,,,
26%,MI-510,,,26.20%,,,,
26%,CA-520,,,,26.30%,,,
26%,CA-613,,,,,26.30%,,
26%,CA-515,,,,,,26.30%,
26%,FL-601,26.30%,,,,,,
26%,IL-507,,,,,,26.30%,
26%,WY-500,,26.30%,,,,,
26%,VA-500,,,,,,,26.30%
26%,AK-501,,,,,26.40%,,
26%,IL-514,,,,,,26.40%,
26%,AL-500,,,,26.40%,,,
26%,LA-502,,26.40%,,,,,
26%,CA-524,,,,,,26.40%,
26%,UT-504,,,,26.50%,,,
26%,NE-502,,,,,,26.50%,
26%,TN-500,26.50%,,,,,,
26%,FL-508,26.50%,,,,,,
27%,NY-602,,,,,26.50%,,
27%,OH-506,,,,26.50%,,,
27%,FL-500,,,,26.50%,,,
27%,NY-505,,26.60%,,,,,
27%,TN-502,,26.60%,,,,,
27%,IA-502,,,,26.60%,,,
27%,CA-510,,,,,,26.60%,
27%,VA-502,,,,,,,26.60%
27%,NH-500,,26.60%,,,,,
27%,CA-601,,,26.60%,,,,
27%,OR-501,,,26.60%,,,,
27%,NC-507,,,,26.70%,,,
27%,GA-507,,,26.70%,,,,
27%,NY-602,,,26.70%,,,,
27%,CA-601,,,,26.70%,,,
27%,KS-502,,,,26.70%,,,
27%,NC-504,,26.70%,,,,,
27%,CA-504,,26.70%,,,,,
27%,AR-508,,,,,,,26.70%
27%,WI-500,,,,,26.70%,,
27%,WI-500,,,,,,26.70%,
27%,VA-601,,,,,,26.80%,
27%,FL-601,,,,,,26.80%,
27%,NV-500,,,,,,26.80%,
27%,MD-513,,26.90%,,,,,
27%,CO-503,,,26.90%,,,,
27%,FL-508,,26.90%,,,,,
27%,IL-513,,,,,26.90%,,
27%,FL-600,,,26.90%,,,,
27%,MI-508,,,,,,26.90%,
27%,CA-601,,,,,,27.00%,
27%,SC-502,,,,,27.00%,,
27%,FL-600,,,,27.00%,,,
27%,PR-502,,27.00%,,,,,
27%,VA-601,,27.00%,,,,,
27%,OR-503,,,,,,27.10%,
27%,OK-501,27.10%,,,,,,
27%,MD-513,,,,,27.10%,,
27%,AZ-502,,,,,,27.10%,
27%,NC-506,,27.10%,,,,,
27%,MI-505,,,,,,,27.10%
27%,VA-514,27.20%,,,,,,
27%,AZ-501,,,,,27.20%,,
27%,NY-500,,,,,,27.20%,
27%,MI-507,,,27.30%,,,,
27%,MI-512,,,,,,27.30%,
27%,KY-502,,,,,,27.30%,
27%,NV-501,,,,27.30%,,,
27%,MI-513,,,,27.30%,,,
27%,MI-507,,27.40%,,,,,
27%,MI-510,,27.40%,,,,,
27%,CA-527,,,,,,27.40%,
27%,FL-601,,,,,,,27.40%
27%,UT-503,,,,,,,27.50%
28%,FL-502,,,,,,27.50%,
28%,NY-500,,,,,27.50%,,
28%,WV-501,,,,,27.50%,,
28%,IA-502,27.60%,,,,,,
28%,MI-516,,,,27.70%,,,
28%,NY-505,,,,,,,27.70%
28%,IL-506,27.70%,,,,,,
28%,WI-501,,,,27.80%,,,
28%,OH-503,,,27.80%,,,,
28%,FL-601,,,,,27.80%,,
28%,MI-510,,,,27.80%,,,
28%,NJ-502,,,,27.80%,,,
28%,NY-500,,27.80%,,,,,
28%,TX-600,,,,27.80%,,,
28%,PA-511,,27.90%,,,,,
28%,MI-519,,,,27.90%,,,
28%,CA-601,,27.90%,,,,,
28%,AL-500,27.90%,,,,,,
28%,MI-507,27.90%,,,,,,
28%,PA-512,27.90%,,,,,,
28%,WI-501,,28.00%,,,,,
28%,MO-604M,,,28.00%,,,,
28%,OH-503,,,,,,,28.00%
28%,KY-502,,,,,28.10%,,
28%,AK-500,,,,,,,28.10%
28%,NC-501,,,28.10%,,,,
28%,FL-502,,,,,,,28.10%
28%,OH-503,,,,28.10%,,,
28%,KY-501,,,28.20%,,,,
28%,CA-525,,,,,28.20%,,
28%,VA-500,,,,,28.20%,,
28%,OH-505,,,,,,28.20%,
28%,MI-508,,,,28.20%,,,
28%,FL-603,,28.20%,,,,,
28%,CA-531,,,28.30%,,,,
28%,CA-517,,,,28.30%,,,
28%,AR-508,,28.30%,,,,,
28%,MA-511,,,,,28.40%,,
28%,CA-525,,,,28.40%,,,
28%,AK-500,28.40%,,,,,,
28%,IL-513,,,,,,,28.40%
28%,AZ-502,,,,,28.40%,,
28%,OH-502,,,,28.40%,,,
28%,IL-502,,,28.40%,,,,
29%,NY-600,,28.50%,,,,,
29%,CA-517,28.60%,,,,,,
29%,IL-517,,,,,,28.60%,
29%,PA-605,,,28.60%,,,,
29%,AK-501,,,,,,,28.60%
29%,PR-502,28.60%,,,,,,
29%,AL-500,,28.60%,,,,,
29%,TX-700,28.70%,,,,,,
29%,MI-512,,,,,,,28.70%
29%,WV-503,,,,,,,28.80%
29%,CA-521,28.80%,,,,,,
29%,PA-504,,,,,28.80%,,
29%,OH-502,,,,,,,28.80%
29%,OR-501,,28.90%,,,,,
29%,VA-514,,,,,,28.90%,
29%,OR-503,,,,,,,28.90%
29%,VA-504,,,28.90%,,,,
29%,AZ-502,,,,29.00%,,,
29%,MO-603,29.00%,,,,,,
29%,OH-503,,29.00%,,,,,
29%,CA-504,29.00%,,,,,,
29%,AZ-501,,,29.00%,,,,
29%,IA-502,,,,,29.10%,,
29%,PA-503,,,,29.10%,,,
29%,MI-510,,,,,29.20%,,
29%,CA-520,,,29.20%,,,,
29%,NE-501,,,29.20%,,,,
29%,CA-511,,,,29.20%,,,
29%,MI-507,,,,29.30%,,,
29%,WI-501,,,,,,29.30%,
29%,NC-511,,,29.30%,,,,
29%,FL-506,,,,,29.30%,,
29%,NV-501,29.40%,,,,,,
29%,VA-603,,29.40%,,,,,
29%,VI-500,,,,,,,29.40%
29%,VA-505,29.40%,,,,,,
29%,NE-501,,,,29.40%,,,
29%,FL-502,,,,,29.40%,,
30%,TX-624,,,,,,,29.50%
30%,FL-601,,,29.50%,,,,
30%,CA-613,,,29.60%,,,,
30%,NJ-515,,,,,,,29.60%
30%,NY-505,,,,,,29.60%,
30%,WV-500,,,,29.70%,,,
30%,CA-515,,,29.70%,,,,
30%,CA-519,,,,,,29.70%,
30%,NV-501,,,29.80%,,,,
30%,MI-518,,,,,29.80%,,
30%,WI-501,,,29.80%,,,,
30%,FL-506,,,29.80%,,,,
30%,OH-503,,,,,29.90%,,
30%,AL-500,,,,,,29.90%,
30%,OK-501,,29.90%,,,,,
30%,AK-500,,30.00%,,,,,
30%,MI-505,,,30.00%,,,,
30%,VA-502,,,,,,30.00%,
30%,NY-602,,,,30.00%,,,
30%,CA-515,30.10%,,,,,,
30%,IA-502,,,,,,30.10%,
30%,OR-501,,,,30.10%,,,
30%,FL-601,,,,30.20%,,,
30%,TX-700,,30.30%,,,,,
30%,KY-501,30.40%,,,,,,
30%,MI-516,,30.40%,,,,,
30%,UT-500,,,,,,,30.50%
30%,NE-501,,,,,,30.50%,
30%,AK-501,,,,30.50%,,,
31%,FL-601,,30.60%,,,,,
31%,FL-604,,,,,30.60%,,
31%,CA-511,,,,,30.60%,,
31%,OH-502,,,,,,30.70%,
31%,TN-501,,,,,,,30.70%
31%,MI-514,,,,,30.70%,,
31%,WI-501,30.70%,,,,,,
31%,MI-512,,,,30.70%,,,
31%,FL-502,,,,30.80%,,,
31%,OH-503,,,,,,30.80%,
31%,CA-509,30.80%,,,,,,
31%,FL-506,,,,30.80%,,,
31%,IL-513,,,30.80%,,,,
31%,MI-510,,,,,,30.90%,
31%,WV-503,,,31.00%,,,,
31%,MD-511,,,,,31.00%,,
31%,NY-600,31.00%,,,,,,
31%,PA-510,,,,,31.10%,,
31%,FL-603,,,31.20%,,,,
31%,AK-501,,,,,,31.20%,
31%,AR-505,,,31.30%,,,,
31%,PA-503,,,31.30%,,,,
31%,WV-501,31.30%,,,,,,
31%,KY-501,,31.30%,,,,,
31%,MI-510,31.30%,,,,,,
31%,MI-519,,,31.40%,,,,
31%,NC-507,,,31.40%,,,,
31%,VA-500,,,,,,31.40%,
31%,WV-503,,,,,,31.40%,
31%,OH-502,,,,,31.50%,,
32%,KS-503,31.50%,,,,,,
32%,MI-516,31.60%,,,,,,
32%,NY-505,,,31.60%,,,,
32%,NE-501,,,,,,,31.60%
32%,FL-500,31.60%,,,,,,
32%,MI-514,31.70%,,,,,,
32%,CA-517,,31.70%,,,,,
32%,NY-505,,,,,31.80%,,
32%,NE-501,,,,,31.80%,,
32%,VA-502,,,31.90%,,,,
32%,MO-604M,31.90%,,,,,,
32%,OH-503,32.00%,,,,,,
32%,FL-604,,,,32.00%,,,
32%,NY-608,,,,,32.00%,,
32%,WV-503,,32.10%,,,,,
32%,OH-505,,,,,32.10%,,
32%,WI-503,,,,,,,32.20%
32%,NY-505,,,,32.30%,,,
32%,NY-510,,,,,,32.30%,
32%,MI-510,,,,,,,32.40%
33%,CA-525,,,32.50%,,,,
33%,IL-513,,,,32.50%,,,
33%,OH-502,32.60%,,,,,,
33%,MI-501,,32.70%,,,,,
33%,FL-518,,32.70%,,,,,
33%,IL-513,,,,,,32.80%,
33%,MI-514,,,33.00%,,,,
33%,NC-516,,,,,33.00%,,
33%,MO-603,,33.00%,,,,,
33%,CA-517,,,33.10%,,,,
33%,WI-503,,,,,33.10%,,
33%,CA-507,33.20%,,,,,,
33%,CA-520,,,,,,33.30%,
33%,CA-524,33.30%,,,,,,
33%,MI-512,33.40%,,,,,,
33%,FL-506,,,,,,33.40%,
33%,IL-517,,,33.50%,,,,
33%,LA-509,,,33.50%,,,,
33%,UT-500,,,,,,33.50%,
34%,MI-516,,,,,,,33.50%
34%,CA-531,,,,,,33.60%,
34%,FL-604,,,,,,33.60%,
34%,FL-604,,,,,,,33.80%
34%,OH-502,,34.00%,,,,,
34%,MI-519,,,,,34.00%,,
34%,VA-504,,,,,34.00%,,
34%,MD-511,,,,34.20%,,,
34%,DC-500,,,,,,34.20%,
34%,MI-505,,,,,,34.20%,
34%,OH-502,,,34.30%,,,,
34%,NY-510,,,,,34.30%,,
34%,CA-519,,,,,34.50%,,
35%,CA-519,,,34.60%,,,,
35%,MI-516,,,,,34.60%,,
35%,TX-604,34.60%,,,,,,
35%,IL-506,,34.70%,,,,,
35%,NC-516,,,,34.80%,,,
35%,FL-604,34.80%,,,,,,
35%,MI-519,,34.80%,,,,,
35%,MI-514,,34.90%,,,,,
35%,MA-500,,34.90%,,,,,
35%,DC-500,,,,,,,35.20%
36%,FL-502,,,35.50%,,,,
36%,MI-516,,,,,,35.60%,
36%,MI-508,,,35.70%,,,,
36%,DC-500,,,,,35.90%,,
36%,CA-531,,,,,,,36.00%
36%,MI-519,36.10%,,,,,,
36%,FL-502,,36.10%,,,,,
36%,NV-501,,36.10%,,,,,
36%,MI-501,36.10%,,,,,,
36%,MI-508,,36.20%,,,,,
36%,FL-604,,36.40%,,,,,
37%,WV-500,,,36.60%,,,,
37%,WI-503,,,,,,36.60%,
37%,MI-514,,,,36.70%,,,
37%,FL-502,36.80%,,,,,,
37%,MI-509,,36.90%,,,,,
37%,WY-500,37.00%,,,,,,
37%,MI-508,37.40%,,,,,,
37%,WY-500,,,37.40%,,,,
38%,MO-503,,37.50%,,,,,
38%,MI-509,37.70%,,,,,,
38%,CA-531,,,,,37.70%,,
38%,LA-509,,,,37.80%,,,
38%,CA-525,,,,,,37.90%,
38%,MI-501,,,38.50%,,,,
39%,UT-504,,,38.60%,,,,
39%,AR-508,38.60%,,,,,,
39%,MS-501,39.10%,,,,,,
39%,UT-500,,,39.20%,,,,
40%,VA-504,,,,,,40.00%,
40%,SD-500,,,,,,,40.30%
41%,VA-602,,40.80%,,,,,
41%,UT-500,,,,,41.00%,,
41%,IL-517,41.10%,,,,,,
41%,VA-504,,,,,,,41.10%
41%,UT-500,41.30%,,,,,,
41%,LA-509,41.30%,,,,,,
41%,LA-509,,,,,41.50%,,
42%,UT-500,,,,41.60%,,,
42%,CA-525,,,,,,,41.70%
42%,UT-500,,42.10%,,,,,
43%,FL-517,,42.90%,,,,,
44%,NE-501,,44.00%,,,,,
44%,OK-504,,,,,44.40%,,
45%,OK-506,,,,,,,45.20%
45%,FL-518,,,45.30%,,,,
45%,CA-520,45.50%,,,,,,
48%,IL-513,,48.40%,,,,,
49%,MO-604M,,48.70%,,,,,
49%,FL-518,48.90%,,,,,,
50%,AL-507,,,50.00%,,,,
53%,CA-531,,,,53.20%,,,
53%,AL-500,,,53.30%,,,,
56%,MO-603,,,55.50%,,,,
57%,IL-503,,,57.40%,,,,
58%,AL-506,,,,57.80%,,,
59%,CA-519,,,,59.50%,,,
60%,OK-506,,,,,60.00%,,
61%,VA-504,,,,60.70%,,,
61%,TX-611,,,,,60.70%,,
62%,IL-517,,,,61.70%,,,
63%,MI-516,,,62.70%,,,,
63%,MO-603,,,,62.80%,,,
67%,AR-505,,,,,,66.70%,
67%,NY-513,,,66.70%,,,,
95%,TX-701,,,,94.70%,,,
100%,TX-611,,,,100.00%,,,